Gender,Teacher,Period,Student ID,Gender,Ethnicity,Economic,LEP,SCICOUR,CTE,TOT,BIO,ELA,Alg,GPA,TOSLS1,TOSLS2,TOSLS3,TOSLS4,TOSLS5,TOSLS6,TOSLS7,TOSLS8,TOSLS9,TOSLSTOT,BRAINS1,BRAINS2,BRAINS3,BRAINS4,BRAINS5,BRAINSTOT,SORT
M,Lewis,4,43954,1,0,0,0,1.5,0,1.5,88,91,98,3.654,3,3,3,2,0,4,3,3,1,22,18,12,26,17,6,79,0
F,Howell,6,47436,0,0,0,0,3.5,0,3.5,63,60,65,3.094,1,2,1,2,1,2,1,0,1,11,16,10,23,6,4,59,0
m,Lewis,4,59755,0,0,0,0,1.5,1.5,3,94,93,98,3.893,3,2,2,2,1,3,2,1,0,16,15,12,24,18,8,77,0
M,Marshall,5,35449,1,1,0,0,3.5,1.5,5,67,69,91,3.392,3,1,2,2,1,3,2,0,1,15,17,18,30,16,9,90,0
M,Lewis,3,43956,1,1,0,0,1.5,0.5,2,90,91,93,3.923,2,2,2,0,0,3,3,0,0,12,21,10,23,23,10,87,0
F,Robissa,2,43965,0,1,0,0,1.5,0,1.5,88,100,100,4,2,4,2,2,0,2,3,3,2,20,16,21,28,17,10,92,0
M,Robissa,2,44173,1,1,0,0,1.5,0,1.5,94,88,84,4,1,1,2,3,0,3,3,1,1,15,16,16,26,19,7,84,0
F,Frederiksen,2,46273,0,1,1,0,3.5,0,3.5,78,88,94,3.694,2,1,3,3,0,2,1,3,1,16,3,1,25,5,1,35,0
M,Frederiksen,7,47967,1,1,1,0,2.5,0,2.5,96,94,100,4,3,3,2,4,0,4,3,2,2,23,14,20,30,20,10,94,0
F,Frederiksen,2,49987,0,1,0,0,3.5,0,3.5,94,91,98,3.94,3,3,3,4,1,4,3,3,2,26,17,6,33,18,9,83,0
M,Lewis,8,56003,1,1,0,0,1.5,2,3.5,80,78,81,3.433,2,1,1,1,0,1,1,0,0,7,19,13,24,12,7,75,0
F,Frederiksen,1,56033,0,1,0,0,3,1,4,96,85,96,3.975,3,2,3,3,1,4,2,2,2,22,17,18,27,17,6,85,0
M,Robissa,4,58933,1,1,0,0,1.5,2.5,4,94,97,93,3.75,2,4,2,1,0,4,2,1,2,18,16,14,24,20,8,82,0
M,Smith,5,66221,1,1,0,0,3.5,2.5,6,87,78,80,2.81,3,3,2,1,0,3,1,0,1,14,21,14,27,19,8,89,0
M,Lewis,4,70290,1,1,0,0,1.5,0.5,2,,,,3.704,2,4,2,2,0,2,2,1,2,17,20,19,26,22,9,96,3
F,Howell,4,36105,0,2,0,0,3.5,0,3.5,41,44,57,2.646,3,3,1,4,1,4,1,1,0,18,10,4,21,9,1,45,0
F,Brennan,4,38558,0,2,0,0,2,0.5,2.5,63,60,72,2.927,2,1,3,3,0,2,1,0,1,13,22,12,27,16,6,83,0
M,Frederiksen,6,39556,1,2,1,0,4.5,0,4.5,85,81,94,3.906,3,4,2,2,0,4,3,1,0,19,19,23,25,19,6,92,0
M,Marshall,1,40465,1,2,1,0,3.5,2,5.5,93,82,63,2.929,3,5,3,3,0,2,3,2,2,23,18,19,26,20,11,94,0
F,Nyholm,5,41659,0,2,0,0,2.5,1,3.5,94,87,94,3.907,3,2,1,2,0,4,1,0,1,14,16,17,24,21,5,83,0
M,Lehmann,8,42535,1,2,0,0,2.5,2.5,5,59,69,89,2.902,1,1,1,1,0,3,2,1,1,11,7,8,25,13,4,57,0
M,Frederiksen,7,42863,1,2,1,0,2.5,4.5,7,89,79,83,3.25,3,3,1,2,0,4,2,2,1,18,17,18,24,18,8,85,0
F,Howell,4,44657,0,2,1,0,2.5,1.5,4,48,74,72,2.137,0,1,1,3,0,1,1,1,0,8,11,11,24,14,4,64,0
,Lewis,4,45781,0,2,0,0,1.5,0,1.5,74,87,78,3.214,2,2,2,2,1,1,0,1,2,13,16,6,20,15,3,60,0
F,Lew,4,45814,0,2,1,0,1.5,0.5,2,90,79,78,3.929,2,3,2,1,1,0,2,0,1,12,0,16,15,14,12,57,0
F,Lewis,3,46748,0,2,1,0,1.5,0.5,2,90,76,81,3.893,2,1,0,1,0,2,2,1,1,10,17,14,24,20,9,84,0
F,Nyholm,2,47391,0,2,1,0,2.5,2,4.5,78,78,89,3.214,0,3,1,3,1,3,1,2,1,15,22,21,30,20,10,103,0
F,Robissa,4,48249,0,2,1,0,1.5,0,1.5,100,94,89,3.846,1,1,1,3,0,1,0,1,1,9,16,22,26,15,7,86,0
F,Brennan,2,59254,0,2,0,0,2.5,0.5,3,76,78,63,3.447,2,4,1,3,1,3,3,1,2,20,17,14,25,14,4,74,0
F,Nyholm,2,59976,0,2,0,0,2,0,2,69,54,76,2.475,1,1,0,1,1,1,1,0,0,6,16,11,26,18,10,81,0
F,Marshall,1,64441,0,2,0,0,3.5,0,3.5,,,,3.308,2,0,2,2,0,2,0,2,1,11,14,6,26,15,4,65,3
F,Brennan,4,65419,0,2,0,0,2,3.5,5.5,76,84,93,3.5,0,2,1,1,1,2,1,1,0,9,14,15,27,18,10,84,0
F,Stapp,8,70464,0,2,0,0,2.5,0,2.5,54,60,72,2.846,,,,,,,,,,,,,,,,,16
M,Frederiksen,3,70624,1,2,0,0,2.5,0,2.5,91,76,91,3.667,2,0,2,2,0,3,3,2,2,16,20,12,27,21,2,82,0
F,Howell,4,34935,0,3,0,0,2.5,1,3.5,65,91,67,3.078,2,0,1,2,1,1,1,1,1,10,14,3,29,15,6,67,0
F,Howell,4,36190,0,3,1,0,2.5,1,3.5,63,66,67,2.642,2,1,1,1,0,0,0,1,0,6,7,8,23,8,3,49,0
F,GRADUATE,4,39006,0,3,1,0,4,0,4,89,93,98,3.8,,,,,,,,,,,,,,,,,16
M,Brennan,4,39119,1,3,0,0,3,0.5,3.5,72,68,70,3.556,1,2,1,3,1,3,2,1,0,14,13,8,27,15,2,65,0
M,Smith,6,39157,1,3,0,0,3,1,4,94,97,94,3.905,2,1,1,4,0,4,3,0,1,16,19,21,24,22,0,86,0
M,Howell,4,39254,1,3,0,0,3.5,0,3.5,89,84,76,3.58,3,3,2,3,1,3,1,1,0,17,11,3,26,16,3,59,0
M,Frederiksen,6,39390,1,3,0,0,3.5,4.5,8,85,85,89,3.389,2,4,2,2,0,3,3,2,1,19,23,21,29,18,11,102,0
F,Marshall,6,39608,0,3,1,0,2,1.5,3.5,50,62,39,1.704,0,1,2,2,0,1,1,0,1,8,15,12,23,13,3,66,0
M,Brennan,6,39887,1,3,1,0,3,0.5,3.5,76,74,65,3.098,2,2,1,3,0,1,3,1,2,15,18,16,30,18,5,87,0
F,Brennan,4,40028,0,3,1,0,3.5,0.5,4,83,79,96,3.83,2,3,3,1,1,2,1,1,0,14,12,18,27,13,7,77,0
M,Marshall,1,40466,1,3,1,0,2.5,1,3.5,65,69,56,1.921,1,2,0,2,1,1,2,0,1,10,21,15,32,19,0,87,0
M,Nyholm,5,40996,1,3,1,0,2.5,0.5,3,74,75,78,2.878,1,2,3,0,1,1,1,1,1,11,16,16,25,15,8,80,0
M,Nyholm,2,41560,1,3,0,0,2.5,1,3.5,56,75,69,3.098,1,0,1,2,1,1,1,0,1,8,16,11,26,15,6,74,0
F,Marshall,6,41565,0,3,0,0,2.5,1.5,4,44,50,48,3.308,2,2,1,1,0,1,1,1,0,9,11,7,20,8,3,49,0
M,Lehmann,3,41669,1,3,0,0,3,4,7,94,91,94,3.605,1,2,0,0,0,2,0,1,1,7,8,4,23,16,0,51,0
M,Lehmann,3,41728,1,3,0,0,2.5,0,2.5,96,79,94,3.756,2,0,1,3,0,4,2,0,1,13,13,7,25,24,2,71,0
F,Lehmann,5,41784,0,3,1,0,2.5,0,2.5,50,70,71,3.073,1,4,2,3,0,3,1,0,0,14,21,9,29,17,5,81,0
F,Frederiksen,7,41787,0,3,0,0,2.5,3,5.5,94,78,98,3.744,2,2,3,1,1,2,1,1,1,14,23,22,32,21,8,106,0
F,Nyholm,2,41846,0,3,0,0,2.5,0,2.5,76,59,75,3.073,1,2,2,1,1,1,1,1,0,10,10,11,17,11,3,52,0
M,Brennan,4,42493,1,3,1,0,2,0.5,2.5,83,81,93,3.487,0,2,0,1,0,0,1,0,0,4,5,10,24,18,2,59,0
F,Robissa,6,44204,0,3,0,0,1.5,0,1.5,80,81,94,3.607,3,3,2,2,0,4,1,2,1,18,14,15,26,16,9,80,0
F,Frederiksen,2,44212,0,3,0,0,3.5,0,3.5,89,96,98,3.98,2,3,2,4,1,4,3,2,2,23,7,2,33,12,6,60,0
F,Lehmann,7,44416,0,3,0,0,2.5,2,4.5,89,90,91,3.805,2,2,0,1,0,1,2,0,0,8,10,12,32,17,7,78,0
M,Frederiksen,6,47084,1,3,0,0,3.5,0,3.5,94,84,93,3.788,3,2,3,2,1,4,3,3,1,22,18,23,29,23,7,100,0
F,Nyholm,5,47247,0,3,0,0,1.5,0,1.5,80,72,59,2.854,2,3,0,1,1,1,1,2,1,12,12,2,29,14,0,57,0
,Lewis,4,47618,1,3,0,0,1.5,3,4.5,80,65,78,2.607,2,2,1,1,0,4,0,0,2,12,20,8,26,16,4,74,0
M,Lehmann,3,48132,1,3,0,0,2.5,0,2.5,83,79,85,2.923,1,1,2,1,0,2,1,1,1,10,15,8,16,18,2,59,0
F,Marshall,5,50851,0,3,0,0,2.5,0,2.5,91,74,89,3.875,2,3,1,2,0,2,1,1,1,13,17,11,27,19,5,79,0
F,Howell,2,50852,0,3,0,0,3,0,3,94,71,81,3.745,0,2,2,3,0,3,2,0,2,14,15,9,23,21,5,73,0
M,Lewis,3,52214,1,3,1,0,1.5,0,1.5,90,76,87,3.464,1,2,2,1,0,2,2,1,1,12,14,16,17,16,4,67,0
F,Robissa,1,53925,0,3,0,0,2,0,2,,84,87,3.185,,,,,,,,,,,,,,,,,17
F,Marshall,5,54078,0,3,0,0,3.5,0,3.5,67,65,72,2.704,1,5,2,2,0,1,0,0,2,13,19,24,27,14,8,92,0
M,Lehmann,4,55173,1,3,0,0,2.5,1,3.5,94,82,74,3.475,2,5,3,1,1,2,2,1,2,19,16,6,31,15,2,70,0
M,Howell,4,55559,1,3,1,0,3.5,0,3.5,91,79,72,3.471,1,3,0,3,0,2,1,1,1,12,2,4,17,8,0,31,0
F,Robissa,4,56520,0,3,0,0,1.5,0,1.5,94,84,100,3.933,2,1,2,0,0,2,3,1,0,11,18,19,24,17,6,84,0
M,Howell,4,56699,1,3,1,0,3.5,0,3.5,,,,3.17,1,1,2,3,0,1,0,0,1,9,8,3,23,9,0,43,3
1 - 2,Lewis,4,56722,1,3,0,0,1,0,1,92,78,89,3.357,,,,,,,,,,,11,8,23,11,4,57,10
M,Stapp,1,57555,1,3,1,0,2.5,1,3.5,72,69,63,2.564,1,2,3,1,0,1,0,1,0,9,23,12,29,20,6,90,0
F,Robissa,8,57889,0,3,1,0,1.5,1,2.5,92,88,100,3.733,,,,,,,,,,,,,,,,,16
M,Robissa,4,58099,1,3,0,0,1.5,0,1.5,100,90,98,3.786,,,,,,,,,,,17,9,29,21,3,79,10
F,Lewis,6,58747,0,3,0,0,1.5,0.5,2,94,96,100,3.967,3,0,1,2,0,2,2,2,0,12,16,20,31,20,8,95,0
F,Robissa,2,60609,0,3,0,0,1.5,0.5,2,90,96,91,3.933,2,2,3,2,1,4,0,0,1,15,6,12,20,21,4,63,0
F,Robissa,2,61078,0,3,0,0,1.5,0,1.5,96,88,94,3.714,3,4,3,0,1,2,1,2,1,17,9,8,21,12,4,54,0
F,Smith,3,61606,0,3,0,0,3.5,0.5,4,65,82,81,3.25,1,2,1,1,0,2,1,1,2,11,11,15,11,13,8,58,0
M,Marshall,2,61721,1,3,0,0,3.5,0,3.5,78,72,69,2.592,,,,,,,,,,,,,,,,,16
F,Lehmann,8,61812,0,3,1,0,2.5,0.5,3,61,82,70,3.125,2,2,3,3,0,3,1,1,2,17,15,16,27,15,7,80,0
F,Nyholm,2,61827,0,3,0,0,2.5,0,2.5,83,75,81,3.634,2,1,3,1,0,1,1,0,0,9,11,3,22,17,3,56,0
F,Brennan,4,61829,0,3,0,0,3,0.5,3.5,69,75,81,3.563,2,3,1,1,0,3,1,1,2,14,5,3,25,14,3,50,0
1 - 4,Lewis,4,61873,0,3,0,0,1.5,2,3.5,84,97,87,3.731,2,1,0,1,0,0,2,0,0,6,19,21,32,19,11,102,0
F,Lehmann,3,61879,0,3,0,0,2.5,1,3.5,96,82,80,3.07,3,4,3,3,1,4,1,1,2,22,19,14,24,18,6,81,0
M,Frederiksen,2,61929,1,3,0,0,4.5,0,4.5,78,88,83,2.885,3,3,2,3,1,3,3,3,1,22,19,18,26,16,4,83,0
F,Brennan,4,62732,0,3,1,0,2,2.5,4.5,78,85,85,3.703,2,1,2,3,1,0,2,1,1,13,19,17,24,20,9,89,0
M,Lew,6,64623,1,3,0,0,2,0,2,46,60,59,2.05,,,,,,,,,,,,,,,,,16
M,Marshall,2,64750,1,3,0,0,2.5,0.5,3,69,71,81,2.196,1,2,1,0,0,2,2,0,0,8,9,8,18,18,5,58,0
F,Frederiksen,1,65159,0,3,0,0,2.5,0,2.5,94,74,,3.506,3,3,2,3,0,2,1,0,1,15,19,7,30,14,6,76,1
F,Robissa,8,67792,0,3,0,0,1.5,1,2.5,84,90,85,3.613,1,2,0,1,0,0,1,0,1,6,21,20,31,16,4,92,0
M,Robissa,6,70598,1,3,0,0,,,,92,75,78,2.75,,,,,,,,,,,,,,,,,19
F,Robissa,2,70931,0,3,0,0,1.5,0,1.5,90,85,96,3.533,1,0,1,2,1,1,0,2,1,9,13,11,20,11,3,58,0
M,Frederiksen,4,71486,1,3,0,0,3,0.5,3.5,98,96,79,3.943,3,2,2,4,0,4,2,0,0,17,24,19,32,21,9,105,0
M,Stapp,1,71575,1,3,0,0,1.5,1,2.5,78,75,67,2.955,1,1,1,1,0,2,0,1,0,7,18,9,28,19,6,80,0
F,Marshall,5,71750,0,3,1,0,1.5,0,1.5,69,75,72,2.75,3,1,3,2,0,1,0,1,0,11,13,3,31,20,2,69,0
F,Brennan,4,71753,0,3,1,0,2,4.5,6.5,,,,2.949,2,1,0,0,0,1,1,1,1,7,15,11,21,14,5,66,3
M,Marshall,6,34162,1,4,0,0,3.5,0,3.5,59,66,57,3.32,0,0,1,2,0,1,2,2,0,8,11,5,23,14,3,56,0
F,Marshall,5,34960,0,4,1,0,3,1,4,59,65,54,2.179,1,1,0,1,0,0,1,1,1,6,7,12,22,6,5,52,0
F,Marshall,1,38965,0,4,0,0,3.5,0,3.5,94,84,94,3.902,3,3,3,3,0,4,1,2,2,21,13,10,32,18,4,77,0
F,Marshall,1,38966,0,4,0,0,3.5,0,3.5,93,91,94,3.941,3,3,2,4,1,3,2,1,2,21,14,9,28,18,6,75,0
M,Frederiksen,6,38972,1,4,0,0,3.5,0,3.5,81,91,94,3.782,3,0,3,2,1,2,2,1,1,15,13,14,24,20,7,78,0
F,Howell,4,40759,0,4,0,0,3.5,0.5,4,70,87,67,2.863,2,5,3,3,1,3,1,1,2,21,22,17,29,20,7,95,0
M,Nyholm,7,41780,1,4,0,0,3,1,4,94,91,94,3.698,3,4,3,3,0,2,3,1,2,21,17,19,25,23,7,91,0
M,Lewis,8,42625,1,4,0,0,1.5,1,2.5,98,93,91,3.9,3,5,2,3,1,4,3,2,2,25,23,23,31,24,12,113,0
F,Nyholm,2,42754,0,4,0,0,2.5,0,2.5,74,76,57,2.757,2,1,1,2,1,2,2,3,1,15,10,8,23,14,5,60,0
F,Lewis,8,42968,0,4,0,0,1.5,1,2.5,98,97,89,3.929,2,1,1,3,1,3,3,0,2,16,11,13,22,12,2,60,0
M,Robissa,4,43137,1,4,0,0,1.5,0,1.5,80,90,83,3.556,,,,,,,,,,,,,,,,,16
1 - 4,Lewis,4,43846,1,4,1,0,1.5,0,1.5,98,87,91,4,2,1,1,1,0,2,1,1,1,10,17,12,25,20,6,80,0
M,Lewis,8,43865,1,4,0,0,1.5,1,2.5,80,85,83,3.207,3,3,2,2,0,3,3,1,1,18,8,10,20,17,2,57,0
,Lewis,4,43906,0,4,0,0,1.5,0,1.5,82,72,98,3.633,2,3,1,0,0,1,0,1,1,9,8,0,17,9,0,34,0
F,Robissa,4,44029,0,4,0,0,1.5,0,1.5,98,97,100,4,3,4,2,3,1,4,2,1,1,21,3,11,22,22,2,60,0
F,Robissa,2,44041,0,4,1,0,1,0,1,80,87,56,3.083,1,1,0,1,0,3,0,1,0,7,11,1,13,8,0,33,0
M,Howell,2,53744,1,4,0,0,3.5,4,7.5,87,78,94,3.566,3,1,3,2,0,3,3,1,0,16,21,16,26,20,8,91,0
M,Frederiksen,6,55864,1,4,0,0,3.5,0,3.5,98,90,98,3.788,3,4,2,4,0,4,3,2,2,24,16,13,26,16,4,75,0
F,Stapp,1,57397,0,4,0,0,1.5,0,1.5,72,88,80,3.143,3,2,3,1,0,1,1,0,1,12,22,11,25,8,3,69,0
F,Brennan,4,66066,0,4,0,0,3,2.5,5.5,,,,3.611,3,4,2,4,0,3,3,3,2,24,20,21,32,24,8,105,3
M,Marshall,3,66254,1,4,0,0,3.5,0.5,4,65,,,3.3,2,1,3,2,0,2,1,2,1,14,8,11,27,19,5,70,2
F,Lew,6,67665,0,4,0,0,1.5,0,1.5,84,82,54,3.042,1,1,3,0,1,3,0,1,0,10,8,8,27,18,6,67,0
F,Marshall,3,70311,0,4,1,0,2.5,0.5,3,,,,2.66,,,,,,,,,,,,,,,,,19
M,Nyholm,4,70532,1,4,1,0,2.5,0,2.5,63,62,74,3.128,2,1,2,2,0,3,1,0,1,12,11,10,19,13,3,56,0
M,Marshall,2,31044,1,5,0,0,3.5,0,3.5,76,76,67,2.519,,,,,,,,,,,,,,,,,16
F,Nyholm,8,33608,0,5,1,0,3.5,0,3.5,74,69,76,2.962,,,,,,,,,,,,,,,,,16
M,Lehmann,7,34150,1,5,0,0,2.5,0,2.5,96,85,81,3.625,,,,,,,,,,,12,9,26,21,4,72,10
F,Frederiksen,3,34411,0,5,0,0,2.5,0,2.5,93,69,83,3.585,2,2,1,0,0,4,2,2,0,13,17,16,23,15,10,81,0
F,Marshall,5,34483,0,5,1,0,3.5,0,3.5,70,66,46,2.82,1,1,0,0,0,1,0,0,0,3,15,3,22,17,12,69,0
F,Marshall,5,34790,0,5,0,0,2,0,2,85,87,61,2.6,3,1,1,0,0,2,2,1,0,10,14,6,27,5,2,54,0
M,Lewis,5,34864,1,5,0,0,4.5,1,5.5,98,84,91,3.725,3,3,3,3,0,4,3,2,1,22,24,23,28,20,8,103,0
M,Howell,4,36051,1,5,0,0,3.5,2,5.5,61,68,44,2.412,1,2,1,1,0,0,2,1,1,9,12,6,23,10,1,52,0
F,Frederiksen,2,36192,0,5,0,0,3.5,1,4.5,89,88,98,3.942,3,2,1,3,1,4,3,1,2,20,14,20,27,20,10,91,0
F,Lehmann,7,38522,0,5,0,0,2.5,1,3.5,85,87,80,3.78,1,1,1,2,0,2,0,1,1,9,5,6,25,15,1,52,0
F,Robissa,4,38541,0,5,0,0,2,0.5,2.5,59,60,65,3.216,0,2,1,3,0,0,2,0,1,9,10,6,25,15,4,60,0
F,Lehmann,3,38591,0,5,1,0,3.5,0,3.5,91,93,83,3.8,2,3,2,3,1,3,2,2,0,18,12,14,23,22,4,75,0
M,Lehmann,2,38695,1,5,0,0,2.5,0.5,3,63,81,91,3.488,2,0,1,2,1,3,2,1,0,12,4,2,20,20,0,46,0
F,Howell,4,38776,0,5,1,0,2.5,1.5,4,76,81,78,3.415,1,2,2,1,0,1,1,1,0,9,8,3,19,18,1,49,0
M,Frederiksen,6,38959,1,5,0,0,3.5,0,3.5,96,91,89,3.765,3,5,3,2,1,2,2,2,1,21,22,21,31,19,10,103,0
F,Lewis,5,38960,0,5,0,0,4.5,2,6.5,81,87,87,3.959,2,3,2,2,0,3,1,3,2,18,22,20,27,22,8,99,0
M,Frederiksen,6,38974,1,5,0,0,3.5,0,3.5,91,84,81,3.863,2,2,2,4,1,4,3,1,1,20,20,13,28,20,1,82,0
M,Smith,5,39159,1,5,0,0,2.5,2.5,5,83,85,83,3.571,1,1,1,4,0,1,2,0,0,10,15,16,24,19,5,79,0
F,Marshall,5,39161,0,5,0,0,3.5,1,4.5,87,87,100,3.898,3,3,2,2,0,4,3,1,2,20,22,24,31,24,8,109,0
F,Brennan,6,39171,0,5,0,0,3,0.5,3.5,74,60,56,3.245,1,1,1,3,0,0,0,1,1,8,16,9,23,16,3,67,0
M,Howell,4,39237,1,5,0,0,3.5,5,8.5,74,75,69,3.365,1,0,0,3,0,2,2,1,1,10,17,14,27,13,9,80,0
M,Brennan,6,39243,1,5,0,0,3.5,0,3.5,81,78,65,3.313,,,,,,,,,,,,,,,,,16
M,Lehmann,3,39244,1,5,0,0,2.5,0,2.5,78,79,65,2.951,3,2,2,3,1,2,2,1,1,17,8,3,27,18,2,58,0
F,Frederiksen,2,39247,0,5,0,0,3.5,3,6.5,85,84,83,3.449,2,1,2,3,0,2,2,1,0,13,5,0,24,7,7,43,0
M,Marshall,6,39248,1,5,0,0,2.5,1.5,4,41,62,43,2.074,1,1,2,1,0,1,2,1,2,11,0,0,14,3,0,17,0
F,Frederiksen,2,39263,0,5,0,0,4.5,0,4.5,96,96,96,3.837,3,3,2,3,0,2,3,2,2,20,23,23,29,17,11,103,0
M,Marshall,5,39292,1,5,0,0,3.5,1,4.5,98,84,98,3.882,3,3,2,3,1,3,2,0,1,18,14,2,24,18,0,58,0
M,Frederiksen,2,39296,1,5,0,0,4.5,0,4.5,94,90,93,3.523,3,1,2,3,1,3,3,3,1,20,21,17,31,19,6,94,0
M,Marshall,5,39298,1,5,0,0,3.5,1,4.5,72,87,72,2.945,3,2,3,2,0,3,1,0,2,16,22,13,28,22,7,92,0
M,Howell,4,39299,1,5,0,0,3.5,0.5,4,93,87,81,3.904,3,5,2,3,0,4,3,3,0,23,23,22,32,21,0,98,0
F,Frederiksen,2,39302,0,5,0,0,3.5,2,5.5,93,91,85,3.857,3,3,2,3,0,4,2,3,1,21,15,14,23,10,5,67,0
M,GRADUATE,5,39304,1,5,0,0,3.5,1,4.5,85,81,70,2.902,,,,,,,,,,,,,,,,,16
F,Lehmann,4,39312,0,5,0,0,2.5,1.5,4,94,94,80,3.685,3,4,3,3,1,3,3,3,1,24,15,13,27,13,5,73,0
F,Brennan,7,39317,0,5,1,0,4,0.5,4.5,83,75,83,3.18,3,3,2,0,1,4,3,2,1,19,19,21,26,21,4,91,0
F,Frederiksen,7,39345,0,5,0,0,3.5,0,3.5,96,91,96,4,3,2,3,3,0,4,1,1,2,19,22,19,32,19,0,92,0
F,Howell,4,39440,0,5,0,0,2.5,2.5,5,63,81,69,2.945,2,2,1,2,0,2,1,2,0,12,17,12,27,14,5,75,0
M,Howell,2,39461,1,5,0,0,3.5,1,4.5,70,72,74,2.836,,,,,,,,,,,16,7,20,20,1,64,10
F,Frederiksen,6,39467,0,5,0,0,4.5,2,6.5,93,90,100,3.942,3,1,3,2,1,4,2,1,2,19,16,9,28,17,3,73,0
M,Howell,4,39479,1,5,0,0,2.5,1,3.5,85,78,74,3.148,3,1,2,3,0,4,3,2,2,20,17,17,28,22,9,93,0
M,Howell,4,39805,1,5,0,0,2.5,2,4.5,72,72,81,3.185,2,2,1,2,0,2,1,2,0,12,8,6,19,14,3,50,0
F,Howell,4,39843,0,5,1,0,4,1.5,5.5,85,82,52,2.961,3,2,1,0,1,0,1,2,2,12,9,9,26,17,0,61,0
F,Howell,4,39863,0,5,0,0,2.5,1,3.5,38,25,44,2.729,1,0,1,0,1,0,1,1,2,7,1,0,18,1,0,20,0
M,Lehmann,5,39914,1,5,0,0,2.5,2,4.5,67,81,78,3.073,1,1,2,1,1,3,1,1,1,12,16,11,31,16,6,80,0
F,Marshall,6,40154,1,5,0,0,4,0,4,81,74,76,2.914,3,5,2,4,0,4,3,1,2,24,0,2,25,14,4,45,0
F,Marshall,6,40242,0,5,0,0,2.5,1,3.5,61,87,70,3.104,1,1,1,1,0,0,0,1,1,6,7,1,24,3,3,38,0
M,Frederiksen,6,40332,1,5,0,0,3.5,4,7.5,89,85,85,3.415,1,4,3,2,0,3,3,2,1,19,19,22,19,21,4,85,0
F,Stapp,5,40371,0,5,1,0,3.5,0.5,4,69,78,76,3.478,3,3,3,2,1,1,0,2,2,17,18,11,27,10,5,71,0
F,Nyholm,4,40835,0,5,0,0,2.5,0,2.5,85,85,93,3.725,2,3,3,2,1,3,1,1,0,16,3,3,26,6,3,41,0
M,Lehmann,5,40839,1,5,0,0,2.5,0,2.5,93,75,81,3.317,3,3,2,2,0,3,1,2,1,17,11,3,19,19,2,54,0
F,Lew,2,40852,0,5,0,0,2.5,0,2.5,72,66,81,3.333,0,4,1,2,0,1,2,0,2,12,8,4,24,10,4,50,0
M,Marshall,2,40859,1,5,1,0,2.5,1,3.5,44,62,65,2.8,,,,,,,,,,,,,,,,,16
F,Nyholm,4,40863,0,5,0,0,2.5,3,5.5,87,88,89,3.786,3,3,1,1,0,4,1,1,2,16,15,22,24,19,7,87,0
M,Lehmann,4,40943,1,5,0,0,2.5,3,5.5,87,90,83,3.512,3,4,2,4,1,4,2,2,2,24,24,13,30,22,6,95,0
F,Howell,7,41120,0,5,1,0,3.5,0,3.5,67,71,59,3,,,,,,,,,,,,,,,,,16
F,Lew,2,41207,0,5,1,0,2.5,0,2.5,80,72,70,3.026,2,2,1,2,0,0,2,0,0,9,15,14,25,16,11,81,0
F,Frederiksen,3,41505,0,5,0,0,2.5,4.5,7,96,96,98,4,3,3,1,2,1,4,3,2,2,21,19,21,31,21,11,103,0
F,Nyholm,2,41531,0,5,0,0,2.5,1.5,4,89,82,78,3.78,2,1,1,1,0,2,3,3,0,13,8,15,23,11,7,64,0
F,Lehmann,7,41567,0,5,0,0,2.5,1,3.5,72,84,81,3.351,2,4,2,1,0,2,1,0,1,13,10,9,19,17,8,63,0
F,Smith,3,41574,0,5,0,0,3,0,3,89,78,74,3.231,0,1,2,2,0,1,0,1,1,8,19,19,28,17,4,87,0
M,Nyholm,4,41575,1,5,0,0,2.5,1,3.5,91,74,93,3.523,2,2,2,2,1,2,1,1,2,15,9,14,25,16,4,68,0
F,Nyholm,7,41613,0,5,0,0,2.5,0,2.5,93,91,94,3.929,1,4,1,2,0,2,1,1,2,14,8,6,26,20,3,63,0
F,Nyholm,7,41633,0,5,0,0,2.5,0,2.5,70,72,74,3.051,0,1,1,0,0,1,0,0,0,3,2,0,16,8,1,27,0
M,Marshall,6,41634,1,5,0,0,2.5,0,2.5,57,65,56,2.568,2,0,2,0,1,2,0,0,0,7,20,9,24,20,5,78,0
F,Lehmann,5,41640,0,5,0,0,2.5,0,2.5,69,79,80,3.162,1,0,0,1,0,0,1,0,1,4,4,6,20,8,2,40,0
M,Brennan,6,41641,1,5,1,0,2.5,2.5,5,83,76,76,3.116,2,2,2,3,0,3,2,1,2,17,12,12,18,12,6,60,0
F,Nyholm,4,41644,0,5,0,0,2.5,0,2.5,81,74,85,3.474,2,2,3,2,1,2,1,0,2,15,2,2,22,9,5,40,0
M,Lehmann,2,41645,1,5,1,0,2.5,0,2.5,83,78,87,3.026,1,1,1,1,0,2,1,0,1,8,9,13,23,20,4,69,0
F,Lehmann,8,41650,0,5,0,0,2,0,2,59,74,59,3.027,2,2,1,3,0,1,1,2,1,13,0,0,10,12,4,26,0
M,Lehmann,5,41660,1,5,0,0,2.5,0,2.5,91,84,85,3.692,3,4,2,1,0,4,3,2,2,21,9,9,18,18,1,55,0
M,Marshall,2,41664,1,5,0,0,2.5,0,2.5,78,71,63,2.41,1,2,3,0,0,3,1,1,0,11,20,12,24,20,4,80,0
M,Lehmann,4,41666,1,5,0,0,2.5,0,2.5,85,87,93,3.463,0,3,2,2,1,2,0,0,1,11,16,8,26,14,4,68,0
M,Nyholm,2,41694,1,5,0,0,2.5,0,2.5,74,74,63,3.184,1,0,2,2,0,0,1,1,1,8,13,9,25,12,3,62,0
F,Lehmann,4,41696,0,5,0,0,2.5,0.5,3,72,65,96,3.39,0,1,1,1,0,0,0,1,1,5,13,2,24,21,3,63,0
F,Lehmann,8,41717,0,5,0,0,2.5,0,2.5,93,82,91,3.634,2,2,0,2,1,1,0,1,2,11,13,11,20,20,1,65,0
F,Lehmann,4,41730,0,5,0,0,2.5,2,4.5,85,84,87,3.757,3,3,2,3,1,2,1,3,2,20,15,18,26,16,4,79,0
F,Marshall,6,41743,0,5,0,0,2.5,1,3.5,91,88,96,3.651,2,2,0,0,0,0,1,1,2,8,6,1,22,20,0,49,0
F,Brennan,2,41768,0,5,0,0,2,2.5,4.5,81,81,72,3.415,,,,,,,,,,,9,6,17,13,6,51,10
F,Lewis,5,41776,0,5,0,0,3,0,3,98,85,98,4,2,3,3,1,1,2,1,2,2,17,22,23,29,23,7,104,0
F,Nyholm,4,41778,0,5,0,0,2.5,1.5,4,74,74,76,3.561,3,2,1,3,0,2,1,2,1,15,18,17,28,21,8,92,0
F,Lehmann,5,41798,0,5,0,0,2.5,0.5,3,96,93,89,3.947,3,4,2,3,1,2,2,1,1,19,15,11,29,17,6,78,0
F,Nyholm,5,41801,0,5,0,0,3,0,3,87,82,81,3.324,2,3,3,2,0,2,1,0,0,13,15,9,18,14,1,57,0
M,Nyholm,5,41810,1,5,0,0,2.5,0,2.5,89,78,96,3.275,2,2,2,3,0,3,3,2,1,18,16,12,26,20,9,83,0
F,Brennan,7,41822,0,5,0,0,3,0.5,3.5,91,94,81,4,3,2,2,1,0,1,2,2,1,14,19,18,24,20,10,91,0
M,Frederiksen,1,41826,1,5,0,0,2.5,0,2.5,94,90,96,3.747,3,4,2,2,0,4,3,1,2,21,12,17,27,20,4,80,0
F,Lehmann,7,41830,0,5,0,0,2.5,0,2.5,54,63,57,3.143,0,2,1,2,0,1,0,1,0,7,7,15,16,10,1,49,0
F,Lehmann,7,41841,0,5,0,0,2.5,1,3.5,87,88,89,3.707,2,4,1,2,0,4,2,2,2,19,5,2,22,10,0,39,0
F,Lehmann,8,41863,0,5,0,0,2.5,1,3.5,89,84,85,3.3,2,2,2,0,0,2,0,1,2,11,16,18,25,18,6,83,0
F,Howell,2,41867,0,5,0,0,2.5,0.5,3,65,82,78,2.111,1,0,1,1,0,0,0,1,1,5,14,3,27,8,1,53,0
M,Stapp,6,41879,1,5,0,0,1.5,0,1.5,84,79,93,3.607,2,1,2,2,0,3,1,1,0,12,18,17,32,19,8,94,0
F,Brennan,2,41914,0,5,0,0,2,1.5,3.5,93,75,81,3.459,1,4,2,2,0,2,1,1,1,14,22,11,22,16,10,81,0
M,Nyholm,2,41931,1,5,0,0,2.5,0.5,3,72,79,83,3.415,1,3,1,1,1,2,3,1,1,14,17,12,23,18,6,76,0
F,Lehmann,7,42199,0,5,0,0,2.5,0,2.5,76,69,76,2.81,1,2,0,2,0,3,1,2,0,11,9,5,27,11,2,54,0
M,Lewis,5,42225,1,5,0,0,2.5,3,5.5,96,85,85,3.419,3,3,3,3,0,3,3,1,1,20,17,20,26,12,5,80,0
M,Lehmann,7,42227,1,5,0,0,2.5,0,2.5,85,82,91,3.795,1,1,1,1,0,2,1,1,1,9,13,9,21,17,3,63,0
M,Brennan,4,42592,1,5,0,0,2,2.5,4.5,67,59,59,2.897,1,2,1,3,1,0,2,1,0,11,23,19,26,19,9,96,0
M,Lehmann,3,42621,1,5,0,0,2.5,1,3.5,96,87,89,3.725,3,4,2,4,1,3,3,2,2,24,14,7,28,17,3,69,0
M,Lewis,3,42775,1,5,1,0,1.5,2,3.5,90,94,93,3.867,3,2,2,3,0,3,3,1,2,19,16,12,25,17,5,75,0
M,Lehmann,7,42860,1,5,0,0,2.5,0.5,3,93,78,91,3.814,3,3,2,1,0,2,3,1,1,16,14,15,28,22,5,84,0
M,Lewis,4,42938,1,5,0,0,2,0,2,92,69,80,2.8,1,1,0,2,0,3,2,1,1,11,21,18,25,21,5,90,0
F,Robissa,4,42961,0,5,0,0,1.5,0,1.5,94,91,100,4,3,3,2,3,0,1,1,1,1,15,23,18,28,18,6,93,0
F,Robissa,2,42963,0,5,0,0,1.5,1,2.5,80,84,74,3.893,1,2,1,2,0,1,1,1,0,9,17,19,26,14,7,83,0
1 - 4,Lewis,4,42971,0,5,0,0,1.5,0.5,2,98,93,94,4,2,4,2,4,1,3,3,2,2,23,18,20,27,21,12,98,0
F,Robissa,2,42991,0,5,0,0,1.5,0,1.5,94,97,100,4,3,0,2,1,1,3,2,2,1,15,22,15,27,24,6,94,0
F,Stapp,8,43083,0,5,0,0,1.5,1.5,3,86,85,94,3.786,0,1,1,1,0,3,0,1,1,8,20,18,26,22,6,92,0
M,Robissa,8,43130,1,5,0,0,1.5,0,1.5,88,84,70,3.692,3,3,2,2,0,3,2,3,0,18,19,14,28,17,7,85,0
F,Stapp,1,43183,0,5,0,0,1.5,0,1.5,80,75,74,3.607,2,1,1,1,1,1,0,1,2,10,18,7,25,15,3,68,0
,Lewis,4,43186,0,5,0,0,1.5,0.5,2,94,93,93,3.964,2,2,2,3,1,2,1,2,1,16,21,22,30,20,10,103,0
M,Stapp,1,43192,1,5,0,0,1.5,0,1.5,84,76,70,3.5,0,1,1,2,0,2,3,2,0,11,21,12,26,21,8,88,0
F,Stapp,8,43204,0,5,0,0,1.5,0,1.5,92,78,72,3.654,3,3,3,2,0,2,1,2,1,17,20,17,29,21,8,95,0
M,Robissa,4,43207,1,5,1,0,1.5,1,2.5,,,,3.96,1,1,1,1,1,1,3,2,1,12,19,15,26,20,5,85,3
M,Robissa,2,43423,1,5,0,0,1.5,2,3.5,92,74,93,3.233,3,2,2,3,0,2,1,1,0,14,24,12,22,11,6,75,0
M,Robissa,4,43459,1,5,0,0,1.5,0,1.5,94,97,100,4,3,1,3,3,0,4,1,2,1,18,8,6,26,18,3,61,0
M,Lewis,8,43850,1,5,0,0,1.5,0,1.5,86,82,63,3.036,2,2,2,2,0,4,3,2,1,18,17,15,25,18,5,80,0
F,Lewis,8,43862,0,5,0,0,1.5,0,1.5,92,90,93,3.867,2,3,3,3,0,1,3,2,1,18,11,7,19,6,0,43,0
F,Robissa,6,43867,0,5,1,0,1.5,0.5,2,92,87,89,3.933,1,1,1,2,0,3,1,0,1,10,11,17,25,15,6,74,0
M,Lewis,8,43877,1,5,1,0,0.5,0,0.5,48,68,74,2.179,0,2,1,1,0,0,1,1,1,7,20,19,18,13,0,70,0
M,Robissa,2,43926,1,5,0,0,1.5,0,1.5,100,96,100,4,2,2,2,3,1,4,3,3,2,22,22,23,29,23,11,108,0
,Lewis,4,43930,1,5,0,0,1.5,0,1.5,96,91,94,4,3,3,2,2,1,3,2,2,1,19,11,11,22,20,3,67,0
F,Robissa,6,43931,0,5,0,0,1.5,0.5,2,80,90,74,3.857,,,,,,,,,,,8,10,19,13,3,53,10
F,Robissa,4,43935,0,5,0,0,1.5,0,1.5,96,97,100,4,3,4,2,3,1,3,3,3,2,24,1,0,26,22,2,51,0
F,Robissa,8,43967,0,5,0,0,1.5,0,1.5,86,91,94,3.8,1,1,2,3,1,2,0,1,0,11,15,10,24,17,5,71,0
F,Lewis,3,43979,0,5,0,0,2,1,3,92,88,89,2.054,1,1,1,1,0,1,1,2,2,10,7,4,23,9,7,50,0
1 - 4,Lewis,4,44007,1,5,1,0,1.5,0,1.5,88,79,74,3.308,1,1,2,2,0,3,0,1,0,10,18,14,28,16,5,81,0
M,Robissa,2,44022,1,5,0,0,1.5,1.5,3,86,75,85,3,2,2,1,0,0,4,1,0,0,10,13,9,22,13,2,59,0
M,Lewis,8,44033,1,5,0,0,1.5,0,1.5,96,96,96,3.769,3,3,2,1,0,4,2,1,1,17,24,24,32,24,6,110,0
F,Robissa,2,44045,0,5,0,0,1.5,0.5,2,98,96,98,4,2,3,3,2,0,4,2,2,1,19,8,3,19,17,6,53,0
F,Lew,8,44048,0,5,0,0,1.5,0,1.5,84,74,94,3.929,1,1,2,0,0,1,0,1,0,6,14,10,23,18,0,65,0
,Lewis,4,44071,0,5,0,0,1.5,0,1.5,90,88,91,3.643,3,1,1,2,0,3,2,1,1,14,16,9,28,16,5,74,0
,Lewis,4,44074,0,5,0,0,1.5,0,1.5,90,99,87,3.923,3,2,3,2,0,4,3,1,2,20,11,10,28,13,8,70,0
F,Lewis,6,44084,0,5,0,0,1.5,0,1.5,92,91,93,3.929,3,1,2,2,0,2,1,1,0,12,16,11,31,20,8,86,0
F,Stapp,1,44102,0,5,0,0,1.5,0,1.5,74,90,63,3.115,2,3,1,1,1,0,0,1,1,10,8,3,23,17,9,60,0
M,Lew,8,44129,1,5,0,0,1.5,1.5,3,70,60,50,2.821,0,1,3,1,1,1,1,1,0,9,,,,,,,6
,Lewis,4,44136,1,5,0,0,1.5,0,1.5,96,97,100,4,3,3,2,3,0,4,3,2,2,22,17,11,26,24,3,81,0
M,Stapp,1,44151,1,5,0,0,1.5,0,1.5,62,71,54,3.154,1,2,0,0,0,0,0,2,1,6,10,10,23,15,2,60,0
F,Robissa,6,44170,0,5,0,0,1.5,0.5,2,78,96,67,3.429,,,,,,,,,,,,,,,,,16
F,Robissa,6,44174,0,5,0,0,1.5,0,1.5,92,91,81,3.767,3,3,2,1,1,3,2,1,0,16,12,7,23,14,3,59,0
M,Lewis,8,44201,1,5,0,0,1.5,0.5,2,98,88,89,3.393,,,,,,,,,,,,,,,,,16
F,Lew,6,44208,0,5,0,0,1.5,0,1.5,58,76,85,3.094,,,,,,,,,,,,,,,,,16
F,Robissa,2,44210,0,5,0,0,1.5,1,2.5,82,79,85,3.833,1,2,1,2,0,2,1,2,1,12,20,18,21,14,9,82,0
M,Stapp,5,44251,1,5,0,0,2,0,2,78,79,83,3.393,3,2,3,1,0,4,1,1,2,17,14,3,21,17,3,58,0
F,Lewis,6,44277,0,5,0,0,1.5,0,1.5,92,94,87,3.714,,,,,,,,,,,,,,,,,16
1 - 4,Lewis,4,44278,1,5,0,0,1.5,1,2.5,88,94,96,3.967,3,1,2,3,0,3,3,1,1,17,21,20,25,22,6,94,0
1 - 4,Lewis,4,44279,0,5,0,0,1.5,0,1.5,64,69,72,3,1,2,0,2,0,2,0,0,1,8,11,4,16,8,2,41,0
M,Lew,6,44280,1,5,0,0,1.5,0,1.5,66,72,52,2.731,,,,,,,,,,,,,,,,,16
M,Robissa,4,44353,1,5,0,0,1.5,0,1.5,90,82,93,3.769,3,2,2,2,1,3,3,1,0,17,9,6,21,6,6,48,0
,Lewis,4,44396,1,5,0,0,1.5,0.5,2,98,91,98,4,1,3,3,3,0,3,1,2,2,18,19,21,33,23,7,103,0
M,Stapp,1,44572,1,5,0,0,1.5,0.5,2,74,65,69,3.133,1,2,0,0,0,3,2,1,0,9,7,7,16,10,1,41,0
M,Stapp,5,44626,1,5,0,0,1.5,3,4.5,90,84,87,3.267,,,,,,,,,,,,,,,,,16
M,Lehmann,5,44631,1,5,1,0,2.5,1,3.5,98,82,93,3.545,3,3,2,2,1,4,3,3,2,23,15,9,27,20,6,77,0
,Lewis,4,44666,1,5,0,0,1.5,0,1.5,98,94,98,4,2,1,2,4,0,3,2,2,0,16,17,13,26,21,7,84,0
F,Stapp,8,44675,0,5,1,0,1.5,0,1.5,76,84,78,3.071,,,,,,,,,,,,,,,,,16
F,Robissa,1,44767,0,5,0,0,1.5,0,1.5,84,90,98,3.808,2,2,2,2,0,1,2,1,1,13,,,,,,,6
F,Nyholm,5,44816,0,5,0,0,3,0,3,85,84,69,3.385,3,3,2,2,0,3,2,1,2,18,18,13,30,17,5,83,0
F,Lehmann,4,44916,0,5,0,0,2.5,0,2.5,89,90,54,3.116,3,3,2,2,0,2,1,1,2,16,6,4,28,15,5,58,0
F,Robissa,2,44948,0,5,0,0,1.5,0,1.5,82,87,98,3.786,1,0,1,1,1,1,0,0,2,7,8,9,10,14,3,44,0
M,Lewis,8,45561,1,5,0,0,1.5,1,2.5,96,91,96,3.929,3,4,2,3,0,2,3,1,0,18,21,14,27,19,6,87,0
,Lewis,4,45622,1,5,0,0,1.5,0.5,2,84,93,98,4,2,1,0,3,1,2,3,1,1,14,20,12,28,22,9,91,0
F,Howell,2,45909,0,5,1,0,3.5,2,5.5,83,66,61,3.184,1,3,0,1,0,0,1,2,2,10,14,9,21,12,2,58,0
F,Lehmann,4,45913,0,5,1,0,2,0.5,2.5,56,66,76,3.385,0,1,0,1,0,2,2,0,1,7,1,1,15,4,2,23,0
F,Marshall,2,46000,0,5,1,0,2.5,0,2.5,43,43,46,2.421,,,,,,,,,,,,,,,,,16
M,Marshall,5,46180,1,5,1,0,3.5,1,4.5,59,69,56,2.648,3,1,1,2,0,2,2,1,0,12,21,16,28,18,6,89,0
M,Lehmann,7,46788,1,5,0,0,2.5,0.5,3,59,68,52,2.654,1,2,1,0,0,2,2,1,1,10,7,9,22,13,3,54,0
M,Frederiksen,6,46789,1,5,0,0,3.5,0,3.5,96,88,96,3.98,3,4,2,3,0,4,3,2,2,23,18,13,28,20,6,85,0
F,Lewis,8,47005,0,5,0,0,1.5,0.5,2,90,100,89,3.885,2,2,3,1,1,3,1,2,1,16,15,11,19,13,5,63,0
F,Smith,6,47070,0,5,1,0,3.5,3,6.5,67,65,59,2.4,1,0,0,1,1,1,3,1,2,10,24,23,25,18,8,98,0
F,Brennan,4,47117,0,5,0,0,2,0.5,2.5,81,76,56,3.692,0,2,2,2,0,1,1,1,0,9,18,5,28,18,9,78,0
F,Robissa,4,47217,0,5,0,0,1.5,0.5,2,92,90,94,3.867,3,1,1,3,0,3,3,2,2,18,24,20,20,24,12,100,0
F,Lehmann,4,47381,0,5,0,0,2.5,0,2.5,96,85,89,3.436,2,1,1,2,0,2,1,2,1,12,6,4,20,11,6,47,0
M,Marshall,3,47666,1,5,0,0,3.5,0,3.5,89,71,96,3.593,1,0,2,2,0,3,3,2,1,14,14,8,23,21,2,68,0
F,Marshall,1,47682,0,5,0,0,2.5,0,2.5,44,54,31,2.514,1,3,0,1,0,0,1,1,0,7,10,1,26,12,0,49,0
M,Howell,4,48430,1,5,0,0,3.5,0,3.5,72,63,46,2.431,1,3,0,1,0,1,1,1,1,9,8,1,19,13,0,41,0
F,Stapp,1,48527,0,5,0,0,1.5,0,1.5,84,88,85,3.958,2,3,3,1,1,2,2,1,0,15,13,9,30,16,6,74,0
F,Lewis,8,48540,0,5,0,0,1.5,0.5,2,72,88,78,2.929,1,5,3,3,1,4,1,1,2,21,15,16,30,20,7,88,0
M,Lewis,8,48576,1,5,0,0,1.5,2.5,4,98,87,98,3.714,3,2,2,3,1,4,3,1,1,20,18,19,30,19,2,88,0
F,Frederiksen,2,49323,0,5,0,0,3.5,0,3.5,93,85,9,3.79,2,3,1,2,1,4,2,2,2,19,14,7,29,16,5,71,0
M,Lehmann,7,49393,1,5,0,0,2,2,4,76,65,72,2.805,2,1,1,1,0,2,1,2,0,10,9,12,13,8,4,46,0
M,Lehmann,3,49469,1,5,0,0,3,2,5,83,82,91,3.146,3,3,0,0,0,1,2,0,0,9,17,12,26,20,4,79,0
F,Nyholm,5,49521,0,5,0,0,2.5,0,2.5,93,82,87,3.854,3,3,1,2,1,2,2,1,0,15,10,2,24,17,3,56,0
F,Nyholm,2,49526,0,5,0,0,2.5,1.5,4,46,56,80,2.488,0,2,1,3,0,1,1,1,1,10,18,4,17,9,6,54,0
F,Nyholm,5,49538,0,5,0,0,3.5,0,3.5,91,91,87,3.918,3,4,2,3,1,4,3,2,1,23,22,24,26,18,10,100,0
M,Lewis,8,49723,1,5,0,0,2.5,0.5,3,82,85,91,3.7,,,,,,,,,,,,,,,,,16
F,Lehmann,7,50035,0,5,0,0,2.5,0,2.5,65,65,81,3.135,0,3,0,2,1,2,1,0,2,11,7,7,23,15,7,59,0
M,Howell,7,50564,1,5,0,0,2.5,0,2.5,80,81,94,3.579,2,2,2,2,1,2,1,0,0,12,23,14,26,20,10,93,0
F,Frederiksen,4,50620,0,5,0,0,2.5,0,2.5,91,82,83,3.359,3,2,1,2,1,3,1,1,2,16,3,1,31,14,2,51,0
M,Lehmann,3,50640,1,5,0,0,2.5,4,6.5,65,71,56,3.051,3,3,3,0,0,2,1,1,1,14,16,11,25,18,4,74,0
M,Howell,4,50815,1,5,0,0,3,1,4,61,66,57,2.717,2,2,1,2,0,0,0,0,1,8,7,4,21,9,4,45,0
F,Lehmann,2,51270,0,5,0,0,2,0,2,78,84,85,2.282,2,1,2,4,0,4,3,1,0,17,6,9,21,15,5,56,0
F,Lewis,3,51579,0,5,1,0,1.5,0,1.5,96,94,96,3.964,3,5,2,3,0,4,2,1,1,21,13,11,33,21,8,86,0
F,Stapp,5,51751,0,5,0,0,1.5,0.5,2,84,88,76,3.786,1,1,1,2,0,1,0,0,0,6,13,15,23,20,8,79,0
F,Lehmann,8,51885,0,5,0,0,2.5,3,5.5,91,81,78,3.333,2,3,1,2,1,3,1,1,0,14,24,18,30,18,8,98,0
M,Marshall,3,51892,1,5,0,0,1.5,2,3.5,96,85,78,2.741,3,4,2,2,0,3,1,1,1,17,19,9,29,19,6,82,0
F,Frederiksen,7,52008,0,5,0,0,3.5,1,4.5,98,97,96,4,2,5,3,2,1,4,3,2,2,24,21,21,28,14,8,92,0
F,Howell,2,52062,0,5,0,0,3.5,0,3.5,70,74,61,2.78,1,1,1,0,0,2,1,1,1,8,5,2,29,14,4,54,0
M,Lehmann,2,52201,1,5,0,0,2.5,2.5,5,83,72,74,3.375,2,0,1,2,0,1,2,0,1,9,12,0,17,16,0,45,0
F,Lewis,8,52807,0,5,1,0,1.5,0,1.5,72,85,91,3.429,2,1,1,1,0,1,0,1,1,8,5,7,25,12,12,61,0
F,Frederiksen,1,52814,0,5,0,0,2.5,3,5.5,94,93,91,3.683,3,3,2,2,1,4,2,2,2,21,18,17,27,19,9,90,0
M,Lehmann,3,52910,1,5,0,0,3.5,1,4.5,78,74,57,2.059,2,3,2,2,1,3,2,1,1,17,24,21,30,24,10,109,0
M,Lewis,3,52931,1,5,0,0,1.5,0,1.5,72,79,93,3.821,2,2,0,3,1,2,1,0,0,11,12,7,23,18,2,62,0
F,Lew,8,53012,0,5,0,0,0.5,0.5,1,,,,3.875,1,1,2,1,1,2,1,0,1,10,16,16,25,19,5,81,3
F,Frederiksen,6,53044,0,5,0,0,3.5,5,8.5,96,93,98,3.804,3,4,2,4,1,4,3,2,2,25,14,12,29,14,4,73,0
F,Smith,6,53155,0,5,0,0,2.5,3.5,6,94,87,98,4,3,3,1,2,0,3,3,0,0,15,22,22,26,20,10,100,0
1 - 4,Lewis,4,53343,1,5,0,0,1.5,1,2.5,100,99,100,3.967,1,3,2,1,0,3,1,2,1,14,15,19,26,22,8,90,0
M,Frederiksen,6,53364,1,5,0,0,3.5,1,4.5,93,93,85,3.549,2,3,2,2,1,4,3,2,2,21,20,22,28,22,8,100,0
M,Lewis,5,53423,1,5,0,0,3.5,1,4.5,98,93,93,3.736,3,1,3,3,1,4,3,3,2,23,17,20,30,19,8,94,0
F,Brennan,7,53444,0,5,0,0,2,0.5,2.5,78,84,85,3.78,3,4,2,2,0,4,1,2,0,18,21,18,29,14,4,86,0
F,Nyholm,4,53795,0,5,0,0,2.5,1.5,4,91,88,94,3.533,3,3,3,2,1,2,2,1,0,17,12,5,24,18,3,62,0
F,Nyholm,5,53903,0,5,1,0,2,0,2,89,93,76,3.135,3,1,2,2,0,3,1,1,2,15,15,11,29,13,8,76,0
M,Howell,6,53924,1,5,0,0,2.5,1,3.5,74,74,61,3.196,1,3,1,2,0,1,1,0,1,10,20,19,25,18,6,88,0
F,Robissa,4,54056,0,5,0,0,1.5,1.5,3,86,94,93,4,3,2,2,4,1,3,3,1,1,20,19,20,22,19,6,86,0
M,Robissa,4,54157,1,5,0,0,1,1.5,2.5,82,75,76,3,1,2,2,2,0,1,1,2,1,12,24,24,31,18,12,109,0
F,Lehmann,7,54199,0,5,0,0,2.5,0,2.5,83,87,78,3.622,,,,,,,,,,,15,3,33,16,5,72,10
M,Lewis,8,54237,1,5,0,0,1.5,1.5,3,78,81,98,3.345,2,1,2,2,1,4,3,1,2,18,15,13,19,17,3,67,0
F,Lehmann,2,54297,0,5,0,0,2.5,0,2.5,91,75,91,3.15,2,2,2,4,1,3,3,2,1,20,11,1,24,23,2,61,0
M,Howell,6,54431,1,5,0,0,3.5,0,3.5,69,63,65,2.827,1,2,1,1,0,0,1,0,1,7,18,13,29,20,2,82,0
F,Frederiksen,3,54457,0,5,0,0,2.5,0,2.5,91,82,87,3.878,3,4,3,2,0,4,1,3,0,20,19,18,24,17,6,84,0
M,Frederiksen,6,54479,1,5,0,0,3.5,4,7.5,74,59,85,2.87,2,1,1,2,0,3,2,1,2,14,19,11,26,17,4,77,0
F,Robissa,2,54711,0,5,1,0,1,0,1,92,85,96,2.778,2,3,2,3,0,3,2,2,2,19,13,0,29,17,6,65,0
M,Lehmann,2,54843,1,5,1,0,3,0,3,54,66,43,2.538,3,1,3,2,0,3,1,0,1,14,13,11,17,15,6,62,0
F,Lehmann,4,55190,0,5,0,0,3,4,7,89,88,93,3.327,2,4,1,3,0,2,3,3,1,19,14,19,30,21,6,90,0
F,Robissa,2,55269,0,5,0,0,1.5,2,3.5,78,88,85,3.462,2,2,2,3,1,2,1,1,2,16,9,8,19,9,2,47,0
F,Marshall,3,55278,0,5,0,0,1.5,0,1.5,56,76,76,2.962,2,0,2,2,1,1,1,2,1,12,20,12,29,17,4,82,0
F,Marshall,6,55345,0,5,1,0,2.5,1,3.5,57,72,44,2.146,0,0,0,2,1,1,1,1,2,8,13,11,23,13,5,65,0
F,Howell,7,55408,0,5,1,0,3.5,0,3.5,54,69,61,3.063,1,1,2,3,0,1,0,2,0,10,13,11,24,13,2,63,0
F,Robissa,6,55916,0,5,0,0,1.5,0.5,2,76,72,67,2.857,,,,,,,,,,,,,,,,,16
M,Howell,7,56263,1,5,0,0,2.5,2,4.5,74,79,85,3.212,,,,,,,,,,,10,8,24,14,3,59,10
,Lewis,4,56335,0,5,0,0,1.5,0,1.5,88,93,91,3.714,0,4,2,0,0,1,2,0,1,10,20,7,21,23,5,76,0
F,Brennan,7,56475,0,5,0,0,3,0.5,3.5,83,76,91,3.346,2,1,3,2,1,3,1,0,2,15,16,18,22,20,7,83,0
M,Frederiksen,1,56636,1,5,1,0,3,2,5,96,88,93,3.976,2,3,2,3,0,4,1,1,2,18,17,20,32,18,9,96,0
F,Robissa,8,56852,0,5,0,0,1.5,0,1.5,96,99,91,4,3,2,3,1,0,4,3,2,0,18,17,11,24,19,1,72,0
M,Nyholm,7,57533,1,5,1,0,3.5,1.5,5,87,82,93,2.938,1,4,0,0,1,1,2,1,0,10,17,7,16,14,5,59,0
M,Marshall,1,57619,1,5,1,0,3,0,3,59,71,76,2.707,1,2,1,3,0,2,1,1,2,13,23,19,27,24,0,93,0
M,Howell,2,57628,1,5,0,0,2.5,0.5,3,41,68,65,2.607,0,1,1,2,0,1,0,2,2,9,15,18,20,17,8,78,0
F,Lew,6,57637,0,5,1,0,1.5,0,1.5,74,91,89,3.885,0,1,1,1,1,0,1,0,0,5,3,8,19,13,7,50,0
F,Marshall,5,57842,0,5,0,0,3.5,0,3.5,78,84,44,3.367,2,1,2,1,0,2,0,1,0,9,20,11,30,19,6,86,0
F,Lew,4,58089,0,5,0,0,1.5,0,1.5,96,93,83,4,2,2,3,2,0,1,2,2,0,14,11,5,23,19,1,59,0
F,Brennan,4,58114,0,5,0,0,2,1,3,74,74,61,3.405,,,,,,,,,,,18,19,26,22,9,94,10
F,Marshall,5,58195,0,5,1,0,2.5,1,3.5,43,62,46,2.356,1,1,2,1,0,0,1,0,2,8,5,1,18,8,1,33,0
F,Lehmann,5,59026,0,5,0,0,2.5,1,3.5,67,79,67,3.077,1,1,2,0,1,1,1,0,1,8,10,4,26,17,3,60,0
F,Brennan,6,59052,0,5,0,0,2,0.5,2.5,94,82,89,3.538,3,5,2,3,0,3,1,2,1,20,,,,,,,6
F,Howell,2,59160,0,5,0,0,3.5,0,3.5,74,71,57,3.26,1,1,1,0,0,2,1,2,0,8,3,1,22,0,0,26,0
M,Marshall,1,59278,1,5,0,0,3.5,0,3.5,76,72,81,3.686,3,4,1,2,1,3,1,1,1,17,15,15,27,17,6,80,0
F,Stapp,1,59443,0,5,0,0,1.5,0.5,2,58,74,78,2.692,1,1,0,2,0,2,1,1,0,8,19,12,30,20,3,84,0
F,Brennan,2,59446,0,5,0,0,2.5,0.5,3,96,88,100,3.947,3,1,2,2,0,3,1,3,1,16,4,3,20,3,3,33,0
F,Stapp,6,59483,0,5,0,0,3.5,0,3.5,78,59,63,2.9,3,1,2,4,1,4,2,3,1,21,17,11,27,16,5,76,0
F,Lewis,8,59574,0,5,0,0,1.5,1,2.5,82,84,81,3.633,1,2,1,3,0,3,2,1,1,14,14,10,25,18,4,71,0
F,Nyholm,4,59603,0,5,1,0,2,0.5,2.5,91,76,74,3.216,1,1,1,2,1,2,1,0,0,9,14,15,24,17,5,75,0
F,Nyholm,5,60407,0,5,0,0,2.5,0,2.5,93,90,100,4,3,3,3,2,1,3,3,2,2,22,10,4,22,21,1,58,0
M,Nyholm,4,60786,1,5,0,0,2.5,1,3.5,89,76,78,3.14,2,2,1,2,0,3,1,0,1,12,14,15,21,16,7,73,0
M,Howell,4,60802,1,5,0,0,2.5,1,3.5,72,69,56,2.68,2,4,0,0,0,2,1,1,0,10,15,12,29,9,6,71,0
M,Nyholm,2,60869,1,5,0,0,2.5,0,2.5,83,65,80,3.233,1,0,2,1,1,1,1,0,1,8,15,9,20,11,3,58,0
M,Howell,2,61669,1,5,0,0,2.5,1,3.5,78,76,,2.882,2,3,3,2,0,3,1,1,1,16,17,11,29,13,7,77,1
F,Howell,7,61673,0,5,0,0,2.5,1,3.5,85,85,61,3.308,1,2,1,0,0,1,1,2,2,10,17,7,30,11,3,68,0
M,Stapp,8,61803,1,5,0,0,1.5,0.5,2,70,82,70,2.75,1,1,0,1,0,3,2,1,1,10,20,19,25,15,6,85,0
M,Nyholm,8,61821,1,5,0,0,2.5,0,2.5,93,75,69,3.459,2,0,2,2,1,3,3,0,1,14,18,10,26,20,6,80,0
F,Lehmann,4,61903,0,5,0,0,2.5,0.5,3,87,79,87,3.14,0,3,1,1,0,2,1,0,0,8,19,19,24,19,7,88,0
M,Lehmann,5,62115,1,5,1,0,2.5,1,3.5,89,79,78,3.667,3,2,2,3,0,2,2,1,2,17,15,5,30,18,0,68,0
F,Lewis,8,62294,0,5,0,0,1.5,0,1.5,100,99,100,4,3,4,2,3,0,2,2,3,2,21,13,14,28,20,7,82,0
F,Howell,7,62389,0,5,0,0,3.5,0.5,4,81,61,,3.46,2,0,2,2,1,2,0,2,1,12,22,21,30,21,12,106,1
F,Nyholm,5,62546,0,5,0,0,2.5,0,2.5,94,78,83,3.683,2,0,2,3,1,2,1,0,0,11,12,9,25,7,3,56,0
M,Marshall,3,63013,1,5,0,0,2.5,1,3.5,80,81,54,2.58,3,1,2,2,0,1,0,1,1,11,11,5,28,11,2,57,0
F,Robissa,2,63256,0,5,0,0,1.5,1.5,3,92,87,87,3.692,2,2,1,2,1,2,1,1,2,14,24,20,30,16,3,93,0
F,Stapp,1,64691,0,5,1,0,2.5,1,3.5,72,72,67,2.868,0,1,1,2,1,1,1,0,0,7,18,19,22,17,7,83,0
,Lewis,4,64720,0,5,0,0,1.5,1.5,3,96,90,85,3.781,2,2,2,0,0,2,3,0,0,11,11,14,25,11,7,68,0
F,Lewis,8,64874,0,5,0,0,1.5,0,1.5,92,88,96,3.885,3,2,2,1,0,3,2,1,0,14,18,18,28,20,6,90,0
F,Lehmann,5,64875,0,5,0,0,2.5,0,2.5,59,74,,3.381,0,1,2,3,1,3,1,0,1,12,4,2,19,12,0,37,1
F,Lew,2,64882,0,5,0,0,2.5,0,2.5,81,87,85,3.243,0,2,1,1,0,0,2,1,0,7,6,3,23,6,3,41,0
F,Smith,6,64906,0,5,1,0,4.5,1,5.5,,,,3.927,2,4,3,3,1,3,3,1,2,22,24,24,32,24,1,105,3
M,Robissa,4,64941,1,5,0,0,1.5,4,5.5,94,87,83,2.8,3,4,1,2,1,3,1,0,1,16,20,18,29,16,9,92,0
M,Lehmann,5,65286,1,5,0,0,2.5,0,2.5,81,90,81,3.463,2,3,3,1,1,2,3,0,0,15,7,9,26,18,4,64,0
F,Stapp,1,65376,0,5,0,0,1.5,3,4.5,72,81,83,3.393,1,0,1,3,0,1,0,2,0,8,17,18,26,17,6,84,0
F,Lewis,5,65503,0,5,0,0,4,2.5,6.5,93,81,,3.813,3,2,2,1,1,2,3,1,2,17,20,22,29,24,6,101,1
M,Robissa,5,65539,1,5,0,0,2.5,1,3.5,96,87,87,3.158,3,1,2,2,1,4,3,2,1,19,17,21,25,24,7,94,0
M,Howell,4,66023,1,5,1,0,2.5,1.5,4,78,72,94,2.553,0,0,1,0,1,1,1,1,0,5,16,13,23,20,2,74,0
M,Nyholm,2,66081,1,5,1,0,2.5,0,2.5,67,78,41,2.875,0,0,0,2,0,2,0,0,0,4,1,0,12,7,2,22,0
F,Lehmann,8,66196,0,5,0,0,2.5,1,3.5,89,75,59,3.5,3,1,2,3,0,2,1,1,0,13,24,24,28,23,8,107,0
M,Stapp,1,66218,1,5,0,0,2.5,0,2.5,86,60,41,2.586,3,2,2,1,0,2,2,1,2,15,20,13,23,21,0,77,0
F,Brennan,6,66925,0,5,0,0,3,1,4,80,76,78,3.592,0,3,2,4,1,2,1,1,0,14,21,16,29,23,6,95,0
M,Robissa,8,67679,1,5,0,0,1,0,1,86,74,,2.893,2,2,3,3,0,1,3,1,2,17,16,12,25,18,4,75,1
F,Robissa,4,67733,0,5,0,0,1.5,0,1.5,86,85,74,3.607,2,2,0,2,1,1,2,0,2,12,6,13,29,5,5,58,0
F,Robissa,2,67791,0,5,0,0,1.5,0,1.5,82,81,78,3.429,2,1,2,1,0,3,1,2,2,14,24,19,29,21,8,101,0
M,Howell,4,67848,1,5,0,0,3.5,1.5,5,,,,3.041,3,3,2,3,0,4,3,2,1,21,17,20,33,22,11,103,3
F,Stapp,5,68430,0,5,0,0,1.5,0.5,2,72,,,3.171,3,3,1,1,0,2,1,1,2,14,10,3,27,17,2,59,2
F,Lehmann,2,68503,0,5,1,0,2,2.5,4.5,93,69,80,2.548,,,,,,,,,,,15,12,31,15,11,84,10
F,Nyholm,4,68796,0,5,0,0,1,0,1,89,,80,3.667,3,2,2,1,1,3,2,2,1,17,3,5,26,10,3,47,1
,Lewis,4,70222,0,5,0,0,1,0,1,88,93,91,3.824,2,3,2,3,1,3,2,1,1,18,8,3,29,8,2,50,0
F,Stapp,6,70373,0,5,0,0,1.5,0,1.5,,,,3.75,2,1,0,2,0,1,1,1,2,10,10,12,25,18,6,71,3
M,Stapp,8,70390,1,5,0,0,1.5,0,1.5,,,,3.15,0,3,2,1,0,2,2,1,1,12,9,2,21,6,1,39,3
M,Marshall,6,70845,1,5,0,0,2,0,2,94,93,93,3.962,3,4,2,2,0,1,3,1,1,17,24,24,32,23,11,114,0
M,Stapp,8,71363,1,5,0,0,CHECK TRANSCRIPT,,####,,,,3.5,1,4,2,2,1,3,0,0,2,15,12,6,25,10,9,62,4
M,Nyholm,4,71468,1,5,0,0,2,0,2,,,,3.324,0,0,0,3,0,0,1,1,0,5,16,13,19,16,8,72,3
M,Lehmann,7,41884,1,6,1,0,2.5,1,3.5,57,88,59,2.293,,,,,,,,,,,13,12,19,17,7,68,10
F,Stapp,6,59349,0,6,0,0,1.5,0,1.5,68,87,57,3.333,,,,,,,,,,,,,,,,,16
M,Smith,3,36359,1,1,1,1,3.5,0,3.5,83,71,81,3.104,2,1,2,1,0,2,3,1,2,14,17,14,21,12,9,73,0
M,Brennan,7,39584,1,1,0,1,3,0.5,3.5,80,71,85,3.528,2,3,3,3,0,3,1,2,1,18,13,12,30,14,10,79,0
M,Lewis,5,40752,1,1,0,1,2.5,0,2.5,91,96,96,3.976,3,3,2,3,0,3,3,3,2,22,15,13,28,19,6,81,0
,Lewis,4,42936,1,1,1,1,1.5,0,1.5,90,88,91,3.714,2,4,1,2,1,4,3,1,2,20,13,8,23,13,1,58,0
F,Robissa,4,47357,0,1,1,1,1.5,0,1.5,90,85,93,3.923,3,3,1,1,0,2,2,1,2,15,19,16,26,13,9,83,0
M,Howell,4,36467,1,2,1,1,3.5,0,3.5,72,78,63,2.46,,,,,,,,,,,,,,,,,16
M,Smith,8,40743,1,2,0,1,3,3,6,93,91,91,3.977,3,5,2,2,1,4,3,2,2,24,20,19,28,17,9,93,0
M,Lehmann,7,40745,1,2,1,1,2,0,2,78,62,67,2.821,0,1,1,1,1,0,1,1,0,6,11,5,25,18,5,64,0
F,Lewis,5,65280,0,2,0,1,3,1.5,4.5,67,76,70,3.575,2,3,2,1,1,0,1,0,2,12,18,15,27,17,9,86,0
F,Howell,4,33585,0,3,1,1,2,2,4,56,74,54,1.906,2,1,1,2,0,2,1,1,1,11,15,14,20,8,3,60,0
M,Frederiksen,6,33601,1,3,1,1,3.5,3,6.5,91,89,81,3.055,3,2,3,2,0,4,3,1,2,20,15,7,24,11,3,60,0
F,Frederiksen,2,35188,0,3,1,1,3.5,3.5,7,87,82,93,3.832,3,2,3,1,1,3,2,1,2,18,12,8,20,11,3,54,0
F,Brennan,7,39604,0,3,1,1,3,0.5,3.5,72,93,44,3.364,2,0,2,1,1,2,1,0,2,11,5,2,24,2,2,35,0
F,Nyholm,7,39673,0,3,0,1,2,0,2,74,74,72,3.071,1,1,2,1,0,1,3,0,1,10,6,3,21,3,0,33,0
M,Lewis,3,42073,1,3,0,1,1.5,1,2.5,94,90,91,3.786,2,2,1,1,0,1,1,1,1,10,13,11,25,12,1,62,0
,Lewis,4,42491,1,3,0,1,1.5,2,3.5,74,82,83,3.469,2,4,1,2,1,3,3,1,2,19,23,18,28,21,8,98,0
F,Stapp,8,44015,0,3,1,1,1.5,0,1.5,90,90,93,3.231,2,3,3,2,0,1,0,1,1,13,19,10,29,18,5,81,0
F,Lewis,5,46089,0,3,0,1,3,2.5,5.5,91,85,94,3.628,2,1,3,2,1,2,2,1,0,14,19,22,27,17,7,92,0
F,Robissa,4,49317,0,3,0,1,1.5,0,1.5,94,96,96,3.967,3,3,3,2,0,2,2,1,2,18,24,22,30,16,8,100,0
F,Brennan,4,49318,0,3,0,1,2.5,0.5,3,81,82,78,3.81,3,2,3,3,0,2,2,1,2,18,21,22,27,20,9,99,0
M,Lewis,5,55097,1,3,0,1,3,0,3,65,79,89,3.047,2,0,2,1,0,3,1,1,0,10,19,18,29,21,4,91,0
F,Frederiksen,6,56703,0,3,0,1,4.5,0,4.5,94,81,96,3.902,2,2,3,2,1,4,3,1,2,20,18,9,23,18,3,71,0
M,Lehmann,2,57499,1,3,1,1,2,0,2,70,84,80,2.692,1,3,1,1,0,1,0,2,1,10,12,3,23,12,3,53,0
F,Brennan,2,65507,0,3,1,1,3.5,0.5,4,52,71,52,3.231,2,1,1,0,0,2,2,1,0,9,24,16,28,17,8,93,0
M,Howell,4,36145,1,5,1,1,3.5,0,3.5,67,66,59,2.688,1,3,1,4,1,3,1,0,1,15,12,10,27,13,6,68,0
M,Howell,4,39634,1,5,1,1,2.5,1,3.5,61,60,65,2.26,0,3,0,1,1,1,1,1,1,9,15,4,25,5,2,51,0
F,Nyholm,5,40738,0,5,1,1,2.5,0.5,3,87,74,61,2.865,2,1,1,1,1,0,1,0,1,8,12,11,25,13,3,64,0
,,,49153,0,4,89,24,2.4,0.76,,81,81,80,3.367,1.9177,2.1222,1.6658,1.9202,0.3716,2.2519,1.5835,1.1521,1.0324,14.01746,14.5623,11.7848,25.0171,16.1858,5.12469,72.67482,
,,,ID,FEMALE,WHITE,,,,,,,,,,,,,,,,,,,,,,,,,,
M,Howell,7,56595,,,,,,,,,,,,,,,,,,,,,,12,9,17,12,3,53,23
,Lewis,,#REF!,,,,,,,,,,,,,,,,,,,,,,,,,,,,
F,Howell,4,,,,,,,,,,,,,,,,,,,,,,,6,10,26,11,0,53,22
F,Howell,6,,,,,,,,,,,,,,,,,,,,,,,,,,,,,28
M,Frederiksen,6,,,,,,,,,,,,,0,2,1,3,1,1,0,1,0,9,10,5,19,17,4,55,14
F,Howell,6,,,,,,,,,,,,,2,1,1,1,1,3,1,0,1,11,7,7,24,10,1,49,14
M,Howell,4,,,,,,,,,,,,,3,3,3,3,1,3,3,1,0,20,16,17,21,21,7,82,14
F,Howell,6,,,,,,,,,,,,,3,1,2,2,1,2,0,1,1,13,6,0,27,7,0,40,14
M,Howell,7,,,,,,,,,,,,,0,3,2,2,1,0,1,1,2,12,5,4,6,8,0,23,14
M,Howell,6,,,,,,,,,,,,,1,2,0,0,0,0,0,1,0,4,6,4,21,8,0,39,14
M,Howell,4,,,,,,,,,,,,,1,2,0,2,1,2,1,0,1,10,13,12,23,18,3,69,14
M,Howell,4,,,,,,,,,,,,,1,2,0,1,1,0,0,1,0,6,11,8,23,18,2,62,14
F,Howell,6,,,,,,,,,,,,,2,2,3,3,0,3,1,1,2,17,17,11,26,17,11,82,14
M,Howell,6,,,,,,,,,,,,,1,0,2,2,1,1,0,1,0,8,14,8,24,13,5,64,14
M,Howell,2,,,,,,,,,,,,,3,2,0,0,0,2,3,2,1,13,16,11,23,17,3,70,14
M,Howell,6,,,,,,,,,,,,,0,1,1,1,0,2,1,1,1,8,18,18,27,18,9,90,14
M,Howell,4,,,,,,,,,,,,,2,1,1,3,1,4,2,1,1,16,22,18,25,23,8,96,14
M,Howell,4,,,,,,,,,,,,,2,1,2,0,0,0,0,0,0,5,9,5,21,11,5,51,14
F,Howell,6,,,,,,,,,,,,,2,1,1,1,0,1,0,0,1,7,16,4,27,8,0,55,14
F,Lehmann,3,,,,,,,,,,,,,3,3,2,3,0,3,2,0,1,17,6,3,26,3,2,40,14
M,Marshall,3,,,,,,,,,,,,,,,,,,,,,,,15,7,26,19,0,67,23
F,Robissa,8,,,,,,,,,,,,,,,,,,,,,,,20,16,22,14,5,77,23
F,Frederiksen,1,,,,,,,,,,,,,,,,,,,,,,,5,2,23,12,3,45,24
M,Frederiksen,7,,,,,,,,,,,,,,,,,,,,,,,9,13,29,8,2,61,24
M,Frederiksen,7,,,,,,,,,,,,,,,,,,,,,,,24,22,28,21,6,101,24
M,Frederiksen,7,,,,,,,,,,,,,,,,,,,,,,,18,21,18,23,5,85,24
F,Frederiksen,1,,,,,,,,,,,,,,,,,,,,,,,6,1,27,11,0,45,24
F,Marshall,6,,,,,,,,,,,,,,,,,,,,,,,19,10,32,17,9,87,24
F,Marshall,2,,,,,,,,,,,,,,,,,,,,,,,19,18,30,21,6,94,24
F,Marshall,3,,,,,,,,,,,,,,,,,,,,,,,10,11,20,12,5,58,24
M,Marshall,3,,,,,,,,,,,,,,,,,,,,,,,19,4,26,19,4,72,24
M,Marshall,2,,,,,,,,,,,,,,,,,,,,,,,15,14,19,16,8,72,24
M,Marshall,2,,,,,,,,,,,,,,,,,,,,,,,17,16,22,17,0,72,24
F,Robissa,4,,,,,,,,,,,,,,,,,,,,,,,18,22,21,16,6,83,24
F,Robissa,4,,,,,,,,,,,,,,,,,,,,,,,18,17,26,20,6,87,24
F,Robissa,6,,,,,,,,,,,,,,,,,,,,,,,0,2,22,5,0,29,24
M,Robissa,1,,,,,,,,,,,,,,,,,,,,,,,11,8,23,8,5,55,24
M,Robissa,4,,,,,,,,,,,,,,,,,,,,,,,19,13,17,13,3,65,24
M,Howell,4,,,,,,,,,,,,,,,,,,,,,,,15,12,24,15,1,67,24
F,Howell,2,,,,,,,,,,,,,,,,,,,,,,,7,3,22,5,0,37,24
M,Howell,7,,,,,,,,,,,,,,,,,,,,,,,10,7,21,17,3,58,24
M,Howell,6,,,,,,,,,,,,,,,,,,,,,,,1,1,16,12,0,30,24
F,Nyholm,5,,,,,,,,,,,,,,,,,,,,,,,,,,,,,29
M,Nyholm,4,,,,,,,,,,,,,,,,,,,,,,,,,,,,,29
M,Nyholm,4,,,,,,,,,,,,,,,,,,,,,,,,,,,,,29
F,Brennan,2,,,,,,,,,,,,,,,,,,,,,,,,,,,,,29
M,Frederiksen,3,,,,,,,,,,,,,,,,,,,,,,,,,,,,,29
M,Howell,2,,,,,,,,,,,,,,,,,,,,,,,,,,,,,29
F,Howell,2,,,,,,,,,,,,,,,,,,,,,,,,,,,,,29
F,Lew,4,,,,,,,,,,,,,,,,,,,,,,,,,,,,,29
M,Lew,2,,,,,,,,,,,,,,,,,,,,,,,,,,,,,29
M,Lew,6,,,,,,,,,,,,,,,,,,,,,,,,,,,,,29
F,Lew,8,,,,,,,,,,,,,,,,,,,,,,,,,,,,,29
F,Lew,4,,,,,,,,,,,,,,,,,,,,,,,,,,,,,29
F,Lew,4,,,,,,,,,,,,,,,,,,,,,,,,,,,,,29
M,Lew,6,,,,,,,,,,,,,,,,,,,,,,,,,,,,,29
M,Lew,4,,,,,,,,,,,,,,,,,,,,,,,,,,,,,29
M,Lew,2,,,,,,,,,,,,,,,,,,,,,,,,,,,,,29
F,Lew,4,,,,,,,,,,,,,,,,,,,,,,,,,,,,,29
M,Lew,6,,,,,,,,,,,,,,,,,,,,,,,,,,,,,29
M,Lew,2,,,,,,,,,,,,,,,,,,,,,,,,,,,,,29
F,Lew,4,,,,,,,,,,,,,,,,,,,,,,,,,,,,,29
F,Lew,8,,,,,,,,,,,,,,,,,,,,,,,,,,,,,29
F,Lew,4,,,,,,,,,,,,,,,,,,,,,,,,,,,,,29
F,Lew,8,,,,,,,,,,,,,,,,,,,,,,,,,,,,,29
F,Lew,8,,,,,,,,,,,,,,,,,,,,,,,,,,,,,29
M,Lew,4,,,,,,,,,,,,,,,,,,,,,,,,,,,,,29
F,Lew,8,,,,,,,,,,,,,,,,,,,,,,,,,,,,,29
M,Lew,8,,,,,,,,,,,,,,,,,,,,,,,,,,,,,29
F,Lew,4,,,,,,,,,,,,,,,,,,,,,,,,,,,,,29
F,Lew,8,,,,,,,,,,,,,,,,,,,,,,,,,,,,,29
F,Lew,4,,,,,,,,,,,,,,,,,,,,,,,,,,,,,29
M,Lew,4,,,,,,,,,,,,,,,,,,,,,,,,,,,,,29
F,Lew,6,,,,,,,,,,,,,,,,,,,,,,,,,,,,,29
F,Lew,3,,,,,,,,,,,,,,,,,,,,,,,,,,,,,29
M,Lew,4,,,,,,,,,,,,,,,,,,,,,,,,,,,,,29
F,Lew,6,,,,,,,,,,,,,,,,,,,,,,,,,,,,,29
M,Lew,6,,,,,,,,,,,,,,,,,,,,,,,,,,,,,29
F,Lew,4,,,,,,,,,,,,,,,,,,,,,,,,,,,,,29
F,Lew,6,,,,,,,,,,,,,,,,,,,,,,,,,,,,,29
M,Lew,8,,,,,,,,,,,,,,,,,,,,,,,,,,,,,29
M,Lew,8,,,,,,,,,,,,,,,,,,,,,,,,,,,,,29
M,Lew,2,,,,,,,,,,,,,,,,,,,,,,,,,,,,,29
M,Lew,2,,,,,,,,,,,,,,,,,,,,,,,,,,,,,29
M,Lew,8,,,,,,,,,,,,,,,,,,,,,,,,,,,,,29
F,Lew,4,,,,,,,,,,,,,,,,,,,,,,,,,,,,,29
M,Lew,6,,,,,,,,,,,,,,,,,,,,,,,,,,,,,29
M,Lew,6,,,,,,,,,,,,,,,,,,,,,,,,,,,,,29
M,Lew,8,,,,,,,,,,,,,,,,,,,,,,,,,,,,,29
F,Lew,6,,,,,,,,,,,,,,,,,,,,,,,,,,,,,29
F,Lew,6,,,,,,,,,,,,,,,,,,,,,,,,,,,,,29
F,Lew,6,,,,,,,,,,,,,,,,,,,,,,,,,,,,,29
M,Lew,4,,,,,,,,,,,,,,,,,,,,,,,,,,,,,29
M,Lew,4,,,,,,,,,,,,,,,,,,,,,,,,,,,,,29
M,Lew,4,,,,,,,,,,,,,,,,,,,,,,,,,,,,,29
F,Lewis,6,,,,,,,,,,,,,,,,,,,,,,,,,,,,,29
M,Lewis,8,,,,,,,,,,,,,,,,,,,,,,,,,,,,,29
M,Lewis,6,,,,,,,,,,,,,,,,,,,,,,,,,,,,,29
M,Lewis,6,,,,,,,,,,,,,,,,,,,,,,,,,,,,,29
,Lewis,4,,,,,,,,,,,,,,,,,,,,,,,,,,,,,29
M,Lewis,6,,,,,,,,,,,,,,,,,,,,,,,,,,,,,29
M,Lewis,6,,,,,,,,,,,,,,,,,,,,,,,,,,,,,29
M,Nyholm,2,,,,,,,,,,,,,,,,,,,,,,,,,,,,,29
F,Stapp,6,,,,,,,,,,,,,,,,,,,,,,,,,,,,,29
F,Stapp,1,,,,,,,,,,,,,,,,,,,,,,,,,,,,,29
M,Stapp,8,,,,,,,,,,,,,,,,,,,,,,,,,,,,,29
F,Stapp,6,,,,,,,,,,,,,,,,,,,,,,,,,,,,,29
M,Stapp,8,,,,,,,,,,,,,,,,,,,,,,,,,,,,,29
F,Stapp,6,,,,,,,,,,,,,,,,,,,,,,,,,,,,,29
M,Stapp,1,,,,,,,,,,,,,,,,,,,,,,,,,,,,,29
M,Stapp,6,,,,,,,,,,,,,,,,,,,,,,,,,,,,,29
M,Stapp,5,,,,,,,,,,,,,,,,,,,,,,,,,,,,,29
F,Stapp,8,,,,,,,,,,,,,,,,,,,,,,,,,,,,,29
F,Stapp,8,,,,,,,,,,,,,,,,,,,,,,,,,,,,,29
M,Stapp,5,,,,,,,,,,,,,,,,,,,,,,,,,,,,,29
M,Stapp,8,,,,,,,,,,,,,,,,,,,,,,,,,,,,,29
F,Stapp,5,,,,,,,,,,,,,,,,,,,,,,,,,,,,,29
F,Stapp,5,,,,,,,,,,,,,,,,,,,,,,,,,,,,,29
M,Stapp,1,,,,,,,,,,,,,,,,,,,,,,,,,,,,,29
M,Stapp,6,,,,,,,,,,,,,,,,,,,,,,,,,,,,,29
F,Stapp,8,,,,,,,,,,,,,,,,,,,,,,,,,,,,,29
F,Stapp,1,,,,,,,,,,,,,,,,,,,,,,,,,,,,,29
M,Stapp,5,,,,,,,,,,,,,,,,,,,,,,,,,,,,,29
F,Stapp,6,,,,,,,,,,,,,,,,,,,,,,,,,,,,,29
F,Stapp,5,,,,,,,,,,,,,,,,,,,,,,,,,,,,,29
F,Stapp,5,,,,,,,,,,,,,,,,,,,,,,,,,,,,,29
F,Stapp,5,,,,,,,,,,,,,,,,,,,,,,,,,,,,,29
M,Stapp,8,,,,,,,,,,,,,,,,,,,,,,,,,,,,,29
M,Stapp,1,,,,,,,,,,,,,,,,,,,,,,,,,,,,,29
M,Stapp,5,,,,,,,,,,,,,,,,,,,,,,,,,,,,,29
M,Stapp,8,,,,,,,,,,,,,,,,,,,,,,,,,,,,,29
M,Stapp,5,,,,,,,,,,,,,,,,,,,,,,,,,,,,,29
F,Stapp,1,,,,,,,,,,,,,,,,,,,,,,,,,,,,,29
M,Stapp,6,,,,,,,,,,,,,,,,,,,,,,,,,,,,,29
F,Stapp,8,,,,,,,,,,,,,,,,,,,,,,,,,,,,,29
M,Stapp,1,,,,,,,,,,,,,,,,,,,,,,,,,,,,,29
M,Stapp,5,,,,,,,,,,,,,,,,,,,,,,,,,,,,,29
F,Brennan,6,,,,,,,,,,,,,,,,,,,,,,,,,,,,,30
F,Brennan,4,,,,,,,,,,,,,,,,,,,,,,,,,,,,,30
F,Brennan,2,,,,,,,,,,,,,,,,,,,,,,,,,,,,,30
F,Brennan,2,,,,,,,,,,,,,,,,,,,,,,,,,,,,,30
F,Brennan,7,,,,,,,,,,,,,,,,,,,,,,,,,,,,,30
M,Brennan,6,,,,,,,,,,,,,,,,,,,,,,,,,,,,,30
F,Brennan,2,,,,,,,,,,,,,,,,,,,,,,,,,,,,,30
M,Brennan,7,,,,,,,,,,,,,,,,,,,,,,,,,,,,,30
F,Brennan,6,,,,,,,,,,,,,,,,,,,,,,,,,,,,,30
M,Brennan,7,,,,,,,,,,,,,,,,,,,,,,,,,,,,,30
F,Brennan,6,,,,,,,,,,,,,,,,,,,,,,,,,,,,,30
M,Brennan,7,,,,,,,,,,,,,,,,,,,,,,,,,,,,,30
F,Brennan,4,,,,,,,,,,,,,,,,,,,,,,,,,,,,,30
F,Brennan,7,,,,,,,,,,,,,,,,,,,,,,,,,,,,,30
M,Brennan,6,,,,,,,,,,,,,,,,,,,,,,,,,,,,,30
M,Brennan,4,,,,,,,,,,,,,,,,,,,,,,,,,,,,,30
F,Brennan,2,,,,,,,,,,,,,,,,,,,,,,,,,,,,,30
M,Brennan,4,,,,,,,,,,,,,,,,,,,,,,,,,,,,,30
F,Brennan,7,,,,,,,,,,,,,,,,,,,,,,,,,,,,,30
M,Brennan,7,,,,,,,,,,,,,,,,,,,,,,,,,,,,,30
M,Brennan,6,,,,,,,,,,,,,,,,,,,,,,,,,,,,,30
M,Brennan,2,,,,,,,,,,,,,,,,,,,,,,,,,,,,,30
F,Brennan,6,,,,,,,,,,,,,,,,,,,,,,,,,,,,,30
M,Brennan,2,,,,,,,,,,,,,,,,,,,,,,,,,,,,,30
F,Brennan,2,,,,,,,,,,,,,,,,,,,,,,,,,,,,,30
M,Brennan,7,,,,,,,,,,,,,,,,,,,,,,,,,,,,,30
M,Brennan,7,,,,,,,,,,,,,,,,,,,,,,,,,,,,,30
F,Brennan,2,,,,,,,,,,,,,,,,,,,,,,,,,,,,,30
F,Brennan,7,,,,,,,,,,,,,,,,,,,,,,,,,,,,,30
F,Brennan,6,,,,,,,,,,,,,,,,,,,,,,,,,,,,,30
M,Brennan,2,,,,,,,,,,,,,,,,,,,,,,,,,,,,,30
M,Brennan,2,,,,,,,,,,,,,,,,,,,,,,,,,,,,,30
F,Brennan,2,,,,,,,,,,,,,,,,,,,,,,,,,,,,,30
F,Brennan,6,,,,,,,,,,,,,,,,,,,,,,,,,,,,,30
F,Brennan,7,,,,,,,,,,,,,,,,,,,,,,,,,,,,,30
F,Brennan,4,,,,,,,,,,,,,,,,,,,,,,,,,,,,,30
F,Brennan,7,,,,,,,,,,,,,,,,,,,,,,,,,,,,,30
F,Brennan,2,,,,,,,,,,,,,,,,,,,,,,,,,,,,,30
M,Brennan,4,,,,,,,,,,,,,,,,,,,,,,,,,,,,,30
F,Brennan,7,,,,,,,,,,,,,,,,,,,,,,,,,,,,,30
F,Brennan,7,,,,,,,,,,,,,,,,,,,,,,,,,,,,,30
F,Brennan,2,,,,,,,,,,,,,,,,,,,,,,,,,,,,,30
M,Brennan,6,,,,,,,,,,,,,,,,,,,,,,,,,,,,,30
F,Brennan,4,,,,,,,,,,,,,,,,,,,,,,,,,,,,,30
F,Brennan,2,,,,,,,,,,,,,,,,,,,,,,,,,,,,,30
M,Brennan,7,,,,,,,,,,,,,,,,,,,,,,,,,,,,,30
M,Brennan,2,,,,,,,,,,,,,,,,,,,,,,,,,,,,,30
M,Brennan,7,,,,,,,,,,,,,,,,,,,,,,,,,,,,,30
F,Brennan,4,,,,,,,,,,,,,,,,,,,,,,,,,,,,,30
M,Brennan,7,,,,,,,,,,,,,,,,,,,,,,,,,,,,,30
M,Brennan,6,,,,,,,,,,,,,,,,,,,,,,,,,,,,,30
F,Brennan,4,,,,,,,,,,,,,,,,,,,,,,,,,,,,,30
M,Brennan,6,,,,,,,,,,,,,,,,,,,,,,,,,,,,,30
F,Brennan,6,,,,,,,,,,,,,,,,,,,,,,,,,,,,,30
F,Brennan,7,,,,,,,,,,,,,,,,,,,,,,,,,,,,,30
F,Brennan,2,,,,,,,,,,,,,,,,,,,,,,,,,,,,,30
F,Brennan,7,,,,,,,,,,,,,,,,,,,,,,,,,,,,,30
M,Frederiksen,3,,,,,,,,,,,,,,,,,,,,,,,,,,,,,30
M,Frederiksen,7,,,,,,,,,,,,,,,,,,,,,,,,,,,,,30
F,Frederiksen,2,,,,,,,,,,,,,,,,,,,,,,,,,,,,,30
M,Frederiksen,7,,,,,,,,,,,,,,,,,,,,,,,,,,,,,30
M,Frederiksen,7,,,,,,,,,,,,,,,,,,,,,,,,,,,,,30
F,Frederiksen,2,,,,,,,,,,,,,,,,,,,,,,,,,,,,,30
M,Frederiksen,3,,,,,,,,,,,,,,,,,,,,,,,,,,,,,30
F,Frederiksen,6,,,,,,,,,,,,,,,,,,,,,,,,,,,,,30
M,Frederiksen,6,,,,,,,,,,,,,,,,,,,,,,,,,,,,,30
F,Frederiksen,3,,,,,,,,,,,,,,,,,,,,,,,,,,,,,30
M,Frederiksen,6,,,,,,,,,,,,,,,,,,,,,,,,,,,,,30
M,Frederiksen,7,,,,,,,,,,,,,,,,,,,,,,,,,,,,,30
M,Frederiksen,6,,,,,,,,,,,,,,,,,,,,,,,,,,,,,30
F,Frederiksen,3,,,,,,,,,,,,,,,,,,,,,,,,,,,,,30
F,Frederiksen,2,,,,,,,,,,,,,,,,,,,,,,,,,,,,,30
M,Frederiksen,3,,,,,,,,,,,,,,,,,,,,,,,,,,,,,30
M,Frederiksen,4,,,,,,,,,,,,,,,,,,,,,,,,,,,,,30
F,Frederiksen,2,,,,,,,,,,,,,,,,,,,,,,,,,,,,,30
M,Frederiksen,2,,,,,,,,,,,,,,,,,,,,,,,,,,,,,30
M,Frederiksen,4,,,,,,,,,,,,,,,,,,,,,,,,,,,,,30
M,Frederiksen,4,,,,,,,,,,,,,,,,,,,,,,,,,,,,,30
M,Frederiksen,2,,,,,,,,,,,,,,,,,,,,,,,,,,,,,30
M,Frederiksen,4,,,,,,,,,,,,,,,,,,,,,,,,,,,,,30
M,Frederiksen,4,,,,,,,,,,,,,,,,,,,,,,,,,,,,,30
M,Frederiksen,1,,,,,,,,,,,,,,,,,,,,,,,,,,,,,30
M,Frederiksen,3,,,,,,,,,,,,,,,,,,,,,,,,,,,,,30
M,Frederiksen,7,,,,,,,,,,,,,,,,,,,,,,,,,,,,,30
M,Frederiksen,4,,,,,,,,,,,,,,,,,,,,,,,,,,,,,30
M,Frederiksen,6,,,,,,,,,,,,,,,,,,,,,,,,,,,,,30
M,Frederiksen,7,,,,,,,,,,,,,,,,,,,,,,,,,,,,,30
M,Frederiksen,6,,,,,,,,,,,,,,,,,,,,,,,,,,,,,30
F,Frederiksen,2,,,,,,,,,,,,,,,,,,,,,,,,,,,,,30
M,Frederiksen,4,,,,,,,,,,,,,,,,,,,,,,,,,,,,,30
M,Frederiksen,3,,,,,,,,,,,,,,,,,,,,,,,,,,,,,30
M,Frederiksen,7,,,,,,,,,,,,,,,,,,,,,,,,,,,,,30
F,Frederiksen,2,,,,,,,,,,,,,,,,,,,,,,,,,,,,,30
M,Frederiksen,4,,,,,,,,,,,,,,,,,,,,,,,,,,,,,30
M,Frederiksen,1,,,,,,,,,,,,,,,,,,,,,,,,,,,,,30
F,Frederiksen,2,,,,,,,,,,,,,,,,,,,,,,,,,,,,,30
F,Frederiksen,4,,,,,,,,,,,,,,,,,,,,,,,,,,,,,30
M,Frederiksen,3,,,,,,,,,,,,,,,,,,,,,,,,,,,,,30
M,Frederiksen,6,,,,,,,,,,,,,,,,,,,,,,,,,,,,,30
F,Frederiksen,4,,,,,,,,,,,,,,,,,,,,,,,,,,,,,30
F,Frederiksen,3,,,,,,,,,,,,,,,,,,,,,,,,,,,,,30
M,Frederiksen,7,,,,,,,,,,,,,,,,,,,,,,,,,,,,,30
F,Frederiksen,7,,,,,,,,,,,,,,,,,,,,,,,,,,,,,30
M,Frederiksen,7,,,,,,,,,,,,,,,,,,,,,,,,,,,,,30
F,Frederiksen,4,,,,,,,,,,,,,,,,,,,,,,,,,,,,,30
M,Frederiksen,6,,,,,,,,,,,,,,,,,,,,,,,,,,,,,30
M,Frederiksen,4,,,,,,,,,,,,,,,,,,,,,,,,,,,,,30
M,Frederiksen,6,,,,,,,,,,,,,,,,,,,,,,,,,,,,,30
M,Frederiksen,7,,,,,,,,,,,,,,,,,,,,,,,,,,,,,30
M,Frederiksen,6,,,,,,,,,,,,,,,,,,,,,,,,,,,,,30
M,Frederiksen,2,,,,,,,,,,,,,,,,,,,,,,,,,,,,,30
F,Frederiksen,4,,,,,,,,,,,,,,,,,,,,,,,,,,,,,30
M,Frederiksen,7,,,,,,,,,,,,,,,,,,,,,,,,,,,,,30
M,Frederiksen,1,,,,,,,,,,,,,,,,,,,,,,,,,,,,,30
F,Frederiksen,1,,,,,,,,,,,,,,,,,,,,,,,,,,,,,30
M,Frederiksen,3,,,,,,,,,,,,,,,,,,,,,,,,,,,,,30
M,Frederiksen,3,,,,,,,,,,,,,,,,,,,,,,,,,,,,,30
F,Frederiksen,2,,,,,,,,,,,,,,,,,,,,,,,,,,,,,30
M,Frederiksen,7,,,,,,,,,,,,,,,,,,,,,,,,,,,,,30
M,Frederiksen,4,,,,,,,,,,,,,,,,,,,,,,,,,,,,,30
F,Frederiksen,4,,,,,,,,,,,,,,,,,,,,,,,,,,,,,30
M,Frederiksen,2,,,,,,,,,,,,,,,,,,,,,,,,,,,,,30
F,Frederiksen,7,,,,,,,,,,,,,,,,,,,,,,,,,,,,,30
F,Frederiksen,1,,,,,,,,,,,,,,,,,,,,,,,,,,,,,30
F,Frederiksen,6,,,,,,,,,,,,,,,,,,,,,,,,,,,,,30
F,Frederiksen,3,,,,,,,,,,,,,,,,,,,,,,,,,,,,,30
M,Frederiksen,4,,,,,,,,,,,,,,,,,,,,,,,,,,,,,30
M,Frederiksen,7,,,,,,,,,,,,,,,,,,,,,,,,,,,,,30
F,Frederiksen,7,,,,,,,,,,,,,,,,,,,,,,,,,,,,,30
M,Frederiksen,6,,,,,,,,,,,,,,,,,,,,,,,,,,,,,30
M,Frederiksen,3,,,,,,,,,,,,,,,,,,,,,,,,,,,,,30
M,Frederiksen,4,,,,,,,,,,,,,,,,,,,,,,,,,,,,,30
F,Frederiksen,4,,,,,,,,,,,,,,,,,,,,,,,,,,,,,30
M,Frederiksen,2,,,,,,,,,,,,,,,,,,,,,,,,,,,,,30
F,Howell,4,,,,,,,,,,,,,,,,,,,,,,,,,,,,,30
M,Howell,4,,,,,,,,,,,,,,,,,,,,,,,,,,,,,30
M,Howell,7,,,,,,,,,,,,,,,,,,,,,,,,,,,,,30
M,Howell,4,,,,,,,,,,,,,,,,,,,,,,,,,,,,,30
F,Howell,4,,,,,,,,,,,,,,,,,,,,,,,,,,,,,30
F,Howell,7,,,,,,,,,,,,,,,,,,,,,,,,,,,,,30
M,Howell,6,,,,,,,,,,,,,,,,,,,,,,,,,,,,,30
F,Howell,7,,,,,,,,,,,,,,,,,,,,,,,,,,,,,30
M,Howell,4,,,,,,,,,,,,,,,,,,,,,,,,,,,,,30
F,Howell,2,,,,,,,,,,,,,,,,,,,,,,,,,,,,,30
M,Howell,2,,,,,,,,,,,,,,,,,,,,,,,,,,,,,30
M,Howell,6,,,,,,,,,,,,,,,,,,,,,,,,,,,,,30
M,Howell,4,,,,,,,,,,,,,,,,,,,,,,,,,,,,,30
F,Howell,7,,,,,,,,,,,,,,,,,,,,,,,,,,,,,30
F,Howell,7,,,,,,,,,,,,,,,,,,,,,,,,,,,,,30
M,Howell,7,,,,,,,,,,,,,,,,,,,,,,,,,,,,,30
M,Howell,4,,,,,,,,,,,,,,,,,,,,,,,,,,,,,30
M,Howell,2,,,,,,,,,,,,,,,,,,,,,,,,,,,,,30
F,Howell,2,,,,,,,,,,,,,,,,,,,,,,,,,,,,,30
M,Howell,2,,,,,,,,,,,,,,,,,,,,,,,,,,,,,30
F,Howell,4,,,,,,,,,,,,,,,,,,,,,,,,,,,,,30
M,Howell,4,,,,,,,,,,,,,,,,,,,,,,,,,,,,,30
M,Howell,4,,,,,,,,,,,,,,,,,,,,,,,,,,,,,30
M,Howell,6,,,,,,,,,,,,,,,,,,,,,,,,,,,,,30
F,Howell,7,,,,,,,,,,,,,,,,,,,,,,,,,,,,,30
M,Howell,2,,,,,,,,,,,,,,,,,,,,,,,,,,,,,30
F,Howell,7,,,,,,,,,,,,,,,,,,,,,,,,,,,,,30
M,Howell,7,,,,,,,,,,,,,,,,,,,,,,,,,,,,,30
F,Howell,7,,,,,,,,,,,,,,,,,,,,,,,,,,,,,30
F,Howell,2,,,,,,,,,,,,,,,,,,,,,,,,,,,,,30
M,Howell,4,,,,,,,,,,,,,,,,,,,,,,,,,,,,,30
M,Howell,6,,,,,,,,,,,,,,,,,,,,,,,,,,,,,30
M,Howell,2,,,,,,,,,,,,,,,,,,,,,,,,,,,,,30
M,Howell,2,,,,,,,,,,,,,,,,,,,,,,,,,,,,,30
M,Howell,6,,,,,,,,,,,,,,,,,,,,,,,,,,,,,30
F,Howell,4,,,,,,,,,,,,,,,,,,,,,,,,,,,,,30
F,Lehmann,2,,,,,,,,,,,,,,,,,,,,,,,,,,,,,30
M,Lehmann,2,,,,,,,,,,,,,,,,,,,,,,,,,,,,,30
F,Lehmann,3,,,,,,,,,,,,,,,,,,,,,,,,,,,,,30
M,Lehmann,4,,,,,,,,,,,,,,,,,,,,,,,,,,,,,30
M,Lehmann,3,,,,,,,,,,,,,,,,,,,,,,,,,,,,,30
M,Lehmann,7,,,,,,,,,,,,,,,,,,,,,,,,,,,,,30
M,Lehmann,4,,,,,,,,,,,,,,,,,,,,,,,,,,,,,30
M,Lehmann,4,,,,,,,,,,,,,,,,,,,,,,,,,,,,,30
F,Lehmann,8,,,,,,,,,,,,,,,,,,,,,,,,,,,,,30
M,Lehmann,4,,,,,,,,,,,,,,,,,,,,,,,,,,,,,30
M,Lehmann,2,,,,,,,,,,,,,,,,,,,,,,,,,,,,,30
F,Lehmann,8,,,,,,,,,,,,,,,,,,,,,,,,,,,,,30
F,Lehmann,8,,,,,,,,,,,,,,,,,,,,,,,,,,,,,30
M,Lehmann,4,,,,,,,,,,,,,,,,,,,,,,,,,,,,,30
M,Lehmann,5,,,,,,,,,,,,,,,,,,,,,,,,,,,,,30
F,Lehmann,8,,,,,,,,,,,,,,,,,,,,,,,,,,,,,30
F,Lehmann,4,,,,,,,,,,,,,,,,,,,,,,,,,,,,,30
F,Lehmann,7,,,,,,,,,,,,,,,,,,,,,,,,,,,,,30
M,Lehmann,7,,,,,,,,,,,,,,,,,,,,,,,,,,,,,30
F,Lehmann,2,,,,,,,,,,,,,,,,,,,,,,,,,,,,,30
F,Lehmann,8,,,,,,,,,,,,,,,,,,,,,,,,,,,,,30
M,Lehmann,7,,,,,,,,,,,,,,,,,,,,,,,,,,,,,30
M,Lehmann,4,,,,,,,,,,,,,,,,,,,,,,,,,,,,,30
F,Lehmann,3,,,,,,,,,,,,,,,,,,,,,,,,,,,,,30
F,Lehmann,2,,,,,,,,,,,,,,,,,,,,,,,,,,,,,30
M,Lehmann,5,,,,,,,,,,,,,,,,,,,,,,,,,,,,,30
F,Lehmann,4,,,,,,,,,,,,,,,,,,,,,,,,,,,,,30
F,Lehmann,8,,,,,,,,,,,,,,,,,,,,,,,,,,,,,30
M,Lehmann,4,,,,,,,,,,,,,,,,,,,,,,,,,,,,,30
F,Lehmann,5,,,,,,,,,,,,,,,,,,,,,,,,,,,,,30
M,Lehmann,7,,,,,,,,,,,,,,,,,,,,,,,,,,,,,30
F,Lehmann,2,,,,,,,,,,,,,,,,,,,,,,,,,,,,,30
M,Lehmann,5,,,,,,,,,,,,,,,,,,,,,,,,,,,,,30
M,Lehmann,5,,,,,,,,,,,,,,,,,,,,,,,,,,,,,30
M,Lehmann,2,,,,,,,,,,,,,,,,,,,,,,,,,,,,,30
F,Lehmann,2,,,,,,,,,,,,,,,,,,,,,,,,,,,,,30
F,Lehmann,5,,,,,,,,,,,,,,,,,,,,,,,,,,,,,30
M,Lehmann,5,,,,,,,,,,,,,,,,,,,,,,,,,,,,,30
M,Lehmann,3,,,,,,,,,,,,,,,,,,,,,,,,,,,,,30
M,Lehmann,2,,,,,,,,,,,,,,,,,,,,,,,,,,,,,30
M,Lehmann,4,,,,,,,,,,,,,,,,,,,,,,,,,,,,,30
M,Lehmann,4,,,,,,,,,,,,,,,,,,,,,,,,,,,,,30
M,Lehmann,4,,,,,,,,,,,,,,,,,,,,,,,,,,,,,30
F,Lehmann,2,,,,,,,,,,,,,,,,,,,,,,,,,,,,,30
M,Lehmann,7,,,,,,,,,,,,,,,,,,,,,,,,,,,,,30
M,Lehmann,4,,,,,,,,,,,,,,,,,,,,,,,,,,,,,30
M,Lehmann,5,,,,,,,,,,,,,,,,,,,,,,,,,,,,,30
M,Lehmann,5,,,,,,,,,,,,,,,,,,,,,,,,,,,,,30
M,Lehmann,4,,,,,,,,,,,,,,,,,,,,,,,,,,,,,30
M,Lehmann,5,,,,,,,,,,,,,,,,,,,,,,,,,,,,,30
F,Lehmann,7,,,,,,,,,,,,,,,,,,,,,,,,,,,,,30
F,Lehmann,5,,,,,,,,,,,,,,,,,,,,,,,,,,,,,30
M,Lehmann,3,,,,,,,,,,,,,,,,,,,,,,,,,,,,,30
M,Lehmann,4,,,,,,,,,,,,,,,,,,,,,,,,,,,,,30
M,Lehmann,8,,,,,,,,,,,,,,,,,,,,,,,,,,,,,30
F,Lehmann,7,,,,,,,,,,,,,,,,,,,,,,,,,,,,,30
F,Lehmann,2,,,,,,,,,,,,,,,,,,,,,,,,,,,,,30
M,Lehmann,4,,,,,,,,,,,,,,,,,,,,,,,,,,,,,30
F,Lew,4,,,,,,,,,,,,,,,,,,,,,,,,,,,,,30
M,Lew,8,,,,,,,,,,,,,,,,,,,,,,,,,,,,,30
F,Lew,2,,,,,,,,,,,,,,,,,,,,,,,,,,,,,30
F,Lew,4,,,,,,,,,,,,,,,,,,,,,,,,,,,,,30
M,Lew,3,,,,,,,,,,,,,,,,,,,,,,,,,,,,,30
F,Lew,8,,,,,,,,,,,,,,,,,,,,,,,,,,,,,30
M,Lew,6,,,,,,,,,,,,,,,,,,,,,,,,,,,,,30
M,Lew,3,,,,,,,,,,,,,,,,,,,,,,,,,,,,,30
M,Lew,3,,,,,,,,,,,,,,,,,,,,,,,,,,,,,30
M,Lew,3,,,,,,,,,,,,,,,,,,,,,,,,,,,,,30
M,Lew,6,,,,,,,,,,,,,,,,,,,,,,,,,,,,,30
F,Lew,3,,,,,,,,,,,,,,,,,,,,,,,,,,,,,30
F,Lew,6,,,,,,,,,,,,,,,,,,,,,,,,,,,,,30
M,Lew,4,,,,,,,,,,,,,,,,,,,,,,,,,,,,,30
F,Lew,4,,,,,,,,,,,,,,,,,,,,,,,,,,,,,30
F,Lew,2,,,,,,,,,,,,,,,,,,,,,,,,,,,,,30
M,Lew,3,,,,,,,,,,,,,,,,,,,,,,,,,,,,,30
F,Lew,3,,,,,,,,,,,,,,,,,,,,,,,,,,,,,30
M,Lew,2,,,,,,,,,,,,,,,,,,,,,,,,,,,,,30
M,Lew,4,,,,,,,,,,,,,,,,,,,,,,,,,,,,,30
M,Lew,3,,,,,,,,,,,,,,,,,,,,,,,,,,,,,30
M,Lew,6,,,,,,,,,,,,,,,,,,,,,,,,,,,,,30
F,Lew,2,,,,,,,,,,,,,,,,,,,,,,,,,,,,,30
F,Lew,4,,,,,,,,,,,,,,,,,,,,,,,,,,,,,30
M,Lew,4,,,,,,,,,,,,,,,,,,,,,,,,,,,,,30
M,Lew,8,,,,,,,,,,,,,,,,,,,,,,,,,,,,,30
F,Lew,3,,,,,,,,,,,,,,,,,,,,,,,,,,,,,30
M,Lew,4,,,,,,,,,,,,,,,,,,,,,,,,,,,,,30
F,Lew,4,,,,,,,,,,,,,,,,,,,,,,,,,,,,,30
F,Lew,3,,,,,,,,,,,,,,,,,,,,,,,,,,,,,30
F,Lew,8,,,,,,,,,,,,,,,,,,,,,,,,,,,,,30
M,Lew,4,,,,,,,,,,,,,,,,,,,,,,,,,,,,,30
F,Lew,4,,,,,,,,,,,,,,,,,,,,,,,,,,,,,30
F,Lew,3,,,,,,,,,,,,,,,,,,,,,,,,,,,,,30
F,Lew,2,,,,,,,,,,,,,,,,,,,,,,,,,,,,,30
M,Lew,2,,,,,,,,,,,,,,,,,,,,,,,,,,,,,30
F,Lew,2,,,,,,,,,,,,,,,,,,,,,,,,,,,,,30
M,Lew,8,,,,,,,,,,,,,,,,,,,,,,,,,,,,,30
F,Lew,4,,,,,,,,,,,,,,,,,,,,,,,,,,,,,30
M,Lew,4,,,,,,,,,,,,,,,,,,,,,,,,,,,,,30
M,Lew,4,,,,,,,,,,,,,,,,,,,,,,,,,,,,,30
F,Lew,4,,,,,,,,,,,,,,,,,,,,,,,,,,,,,30
M,Lew,3,,,,,,,,,,,,,,,,,,,,,,,,,,,,,30
F,Lew,3,,,,,,,,,,,,,,,,,,,,,,,,,,,,,30
F,Lew,6,,,,,,,,,,,,,,,,,,,,,,,,,,,,,30
M,Lew,4,,,,,,,,,,,,,,,,,,,,,,,,,,,,,30
M,Lew,6,,,,,,,,,,,,,,,,,,,,,,,,,,,,,30
F,Lew,4,,,,,,,,,,,,,,,,,,,,,,,,,,,,,30
F,Lew,3,,,,,,,,,,,,,,,,,,,,,,,,,,,,,30
M,Lew,3,,,,,,,,,,,,,,,,,,,,,,,,,,,,,30
F,Lew,3,,,,,,,,,,,,,,,,,,,,,,,,,,,,,30
F,Lew,6,,,,,,,,,,,,,,,,,,,,,,,,,,,,,30
F,Lew,8,,,,,,,,,,,,,,,,,,,,,,,,,,,,,30
F,Lew,4,,,,,,,,,,,,,,,,,,,,,,,,,,,,,30
F,Lew,4,,,,,,,,,,,,,,,,,,,,,,,,,,,,,30
M,Lew,8,,,,,,,,,,,,,,,,,,,,,,,,,,,,,30
F,Lew,4,,,,,,,,,,,,,,,,,,,,,,,,,,,,,30
M,Lew,8,,,,,,,,,,,,,,,,,,,,,,,,,,,,,30
F,Lew,3,,,,,,,,,,,,,,,,,,,,,,,,,,,,,30
F,Lew,4,,,,,,,,,,,,,,,,,,,,,,,,,,,,,30
F,Lew,4,,,,,,,,,,,,,,,,,,,,,,,,,,,,,30
M,Lew,6,,,,,,,,,,,,,,,,,,,,,,,,,,,,,30
F,Lew,4,,,,,,,,,,,,,,,,,,,,,,,,,,,,,30
M,Lew,8,,,,,,,,,,,,,,,,,,,,,,,,,,,,,30
F,Lew,2,,,,,,,,,,,,,,,,,,,,,,,,,,,,,30
M,Lew,2,,,,,,,,,,,,,,,,,,,,,,,,,,,,,30
M,Lew,4,,,,,,,,,,,,,,,,,,,,,,,,,,,,,30
F,Lew,3,,,,,,,,,,,,,,,,,,,,,,,,,,,,,30
F,Lew,4,,,,,,,,,,,,,,,,,,,,,,,,,,,,,30
F,Lew,4,,,,,,,,,,,,,,,,,,,,,,,,,,,,,30
M,Lew,4,,,,,,,,,,,,,,,,,,,,,,,,,,,,,30
M,Lew,3,,,,,,,,,,,,,,,,,,,,,,,,,,,,,30
F,Lew,4,,,,,,,,,,,,,,,,,,,,,,,,,,,,,30
F,Lew,3,,,,,,,,,,,,,,,,,,,,,,,,,,,,,30
M,Lew,3,,,,,,,,,,,,,,,,,,,,,,,,,,,,,30
M,Lew,2,,,,,,,,,,,,,,,,,,,,,,,,,,,,,30
M,Lew,3,,,,,,,,,,,,,,,,,,,,,,,,,,,,,30
F,Lew,2,,,,,,,,,,,,,,,,,,,,,,,,,,,,,30
F,Lew,4,,,,,,,,,,,,,,,,,,,,,,,,,,,,,30
F,Lew,8,,,,,,,,,,,,,,,,,,,,,,,,,,,,,30
M,Lew,3,,,,,,,,,,,,,,,,,,,,,,,,,,,,,30
M,Lew,4,,,,,,,,,,,,,,,,,,,,,,,,,,,,,30
M,Lew,4,,,,,,,,,,,,,,,,,,,,,,,,,,,,,30
F,Lew,3,,,,,,,,,,,,,,,,,,,,,,,,,,,,,30
M,Lew,4,,,,,,,,,,,,,,,,,,,,,,,,,,,,,30
M,Lew,2,,,,,,,,,,,,,,,,,,,,,,,,,,,,,30
F,Lew,4,,,,,,,,,,,,,,,,,,,,,,,,,,,,,30
M,Lew,3,,,,,,,,,,,,,,,,,,,,,,,,,,,,,30
F,Lew,3,,,,,,,,,,,,,,,,,,,,,,,,,,,,,30
M,Lew,4,,,,,,,,,,,,,,,,,,,,,,,,,,,,,30
M,Lew,3,,,,,,,,,,,,,,,,,,,,,,,,,,,,,30
F,Lew,2,,,,,,,,,,,,,,,,,,,,,,,,,,,,,30
F,Lew,4,,,,,,,,,,,,,,,,,,,,,,,,,,,,,30
F,Lew,8,,,,,,,,,,,,,,,,,,,,,,,,,,,,,30
F,Lew,4,,,,,,,,,,,,,,,,,,,,,,,,,,,,,30
M,Lew,2,,,,,,,,,,,,,,,,,,,,,,,,,,,,,30
M,Lew,4,,,,,,,,,,,,,,,,,,,,,,,,,,,,,30
M,Lew,3,,,,,,,,,,,,,,,,,,,,,,,,,,,,,30
F,Lew,4,,,,,,,,,,,,,,,,,,,,,,,,,,,,,30
M,Lewis,5,,,,,,,,,,,,,,,,,,,,,,,,,,,,,30
F,Lewis,8,,,,,,,,,,,,,,,,,,,,,,,,,,,,,30
M,Lewis,8,,,,,,,,,,,,,,,,,,,,,,,,,,,,,30
M,Lewis,3,,,,,,,,,,,,,,,,,,,,,,,,,,,,,30
M,Lewis,6,,,,,,,,,,,,,,,,,,,,,,,,,,,,,30
M,Lewis,5,,,,,,,,,,,,,,,,,,,,,,,,,,,,,30
M,Lewis,8,,,,,,,,,,,,,,,,,,,,,,,,,,,,,30
M,Lewis,6,,,,,,,,,,,,,,,,,,,,,,,,,,,,,30
M,Lewis,5,,,,,,,,,,,,,,,,,,,,,,,,,,,,,30
F,Lewis,6,,,,,,,,,,,,,,,,,,,,,,,,,,,,,30
F,Lewis,5,,,,,,,,,,,,,,,,,,,,,,,,,,,,,30
M,Lewis,3,,,,,,,,,,,,,,,,,,,,,,,,,,,,,30
,Lewis,4,,,,,,,,,,,,,,,,,,,,,,,,,,,,,30
M,Lewis,6,,,,,,,,,,,,,,,,,,,,,,,,,,,,,30
,Lewis,4,,,,,,,,,,,,,,,,,,,,,,,,,,,,,30
M,Lewis,6,,,,,,,,,,,,,,,,,,,,,,,,,,,,,30
F,Lewis,6,,,,,,,,,,,,,,,,,,,,,,,,,,,,,30
F,Lewis,6,,,,,,,,,,,,,,,,,,,,,,,,,,,,,30
F,Lewis,5,,,,,,,,,,,,,,,,,,,,,,,,,,,,,30
F,Lewis,6,,,,,,,,,,,,,,,,,,,,,,,,,,,,,30
M,Lewis,3,,,,,,,,,,,,,,,,,,,,,,,,,,,,,30
F,Lewis,8,,,,,,,,,,,,,,,,,,,,,,,,,,,,,30
M,Lewis,6,,,,,,,,,,,,,,,,,,,,,,,,,,,,,30
M,Lewis,6,,,,,,,,,,,,,,,,,,,,,,,,,,,,,30
M,Lewis,6,,,,,,,,,,,,,,,,,,,,,,,,,,,,,30
F,Lewis,6,,,,,,,,,,,,,,,,,,,,,,,,,,,,,30
M,Lewis,8,,,,,,,,,,,,,,,,,,,,,,,,,,,,,30
M,Lewis,3,,,,,,,,,,,,,,,,,,,,,,,,,,,,,30
F,Marshall,3,,,,,,,,,,,,,,,,,,,,,,,,,,,,,30
M,Marshall,2,,,,,,,,,,,,,,,,,,,,,,,,,,,,,30
F,Marshall,3,,,,,,,,,,,,,,,,,,,,,,,,,,,,,30
M,Marshall,6,,,,,,,,,,,,,,,,,,,,,,,,,,,,,30
M,Marshall,2,,,,,,,,,,,,,,,,,,,,,,,,,,,,,30
F,Marshall,2,,,,,,,,,,,,,,,,,,,,,,,,,,,,,30
F,Marshall,5,,,,,,,,,,,,,,,,,,,,,,,,,,,,,30
M,Marshall,5,,,,,,,,,,,,,,,,,,,,,,,,,,,,,30
M,Marshall,3,,,,,,,,,,,,,,,,,,,,,,,,,,,,,30
M,Marshall,1,,,,,,,,,,,,,,,,,,,,,,,,,,,,,30
M,Marshall,3,,,,,,,,,,,,,,,,,,,,,,,,,,,,,30
F,Marshall,6,,,,,,,,,,,,,,,,,,,,,,,,,,,,,30
F,Marshall,3,,,,,,,,,,,,,,,,,,,,,,,,,,,,,30
M,Marshall,1,,,,,,,,,,,,,,,,,,,,,,,,,,,,,30
M,Marshall,6,,,,,,,,,,,,,,,,,,,,,,,,,,,,,30
F,Marshall,6,,,,,,,,,,,,,,,,,,,,,,,,,,,,,30
M,Marshall,1,,,,,,,,,,,,,,,,,,,,,,,,,,,,,30
F,Marshall,2,,,,,,,,,,,,,,,,,,,,,,,,,,,,,30
F,Marshall,6,,,,,,,,,,,,,,,,,,,,,,,,,,,,,30
M,Marshall,1,,,,,,,,,,,,,,,,,,,,,,,,,,,,,30
M,Marshall,3,,,,,,,,,,,,,,,,,,,,,,,,,,,,,30
F,Marshall,3,,,,,,,,,,,,,,,,,,,,,,,,,,,,,30
M,Marshall,1,,,,,,,,,,,,,,,,,,,,,,,,,,,,,30
M,Marshall,6,,,,,,,,,,,,,,,,,,,,,,,,,,,,,30
M,Marshall,1,,,,,,,,,,,,,,,,,,,,,,,,,,,,,30
M,Marshall,6,,,,,,,,,,,,,,,,,,,,,,,,,,,,,30
M,Marshall,5,,,,,,,,,,,,,,,,,,,,,,,,,,,,,30
M,Marshall,6,,,,,,,,,,,,,,,,,,,,,,,,,,,,,30
F,Marshall,3,,,,,,,,,,,,,,,,,,,,,,,,,,,,,30
M,Marshall,2,,,,,,,,,,,,,,,,,,,,,,,,,,,,,30
M,Marshall,1,,,,,,,,,,,,,,,,,,,,,,,,,,,,,30
M,Marshall,6,,,,,,,,,,,,,,,,,,,,,,,,,,,,,30
F,Marshall,1,,,,,,,,,,,,,,,,,,,,,,,,,,,,,30
M,Marshall,1,,,,,,,,,,,,,,,,,,,,,,,,,,,,,30
F,Marshall,1,,,,,,,,,,,,,,,,,,,,,,,,,,,,,30
M,Marshall,1,,,,,,,,,,,,,,,,,,,,,,,,,,,,,30
M,Marshall,2,,,,,,,,,,,,,,,,,,,,,,,,,,,,,30
M,Marshall,2,,,,,,,,,,,,,,,,,,,,,,,,,,,,,30
M,Marshall,5,,,,,,,,,,,,,,,,,,,,,,,,,,,,,30
M,Marshall,6,,,,,,,,,,,,,,,,,,,,,,,,,,,,,30
F,Marshall,1,,,,,,,,,,,,,,,,,,,,,,,,,,,,,30
M,Marshall,6,,,,,,,,,,,,,,,,,,,,,,,,,,,,,30
M,Marshall,3,,,,,,,,,,,,,,,,,,,,,,,,,,,,,30
M,Marshall,3,,,,,,,,,,,,,,,,,,,,,,,,,,,,,30
F,Marshall,6,,,,,,,,,,,,,,,,,,,,,,,,,,,,,30
M,Marshall,3,,,,,,,,,,,,,,,,,,,,,,,,,,,,,30
M,Marshall,1,,,,,,,,,,,,,,,,,,,,,,,,,,,,,30
M,Marshall,5,,,,,,,,,,,,,,,,,,,,,,,,,,,,,30
F,Marshall,1,,,,,,,,,,,,,,,,,,,,,,,,,,,,,30
M,Marshall,6,,,,,,,,,,,,,,,,,,,,,,,,,,,,,30
M,Marshall,2,,,,,,,,,,,,,,,,,,,,,,,,,,,,,30
M,Marshall,5,,,,,,,,,,,,,,,,,,,,,,,,,,,,,30
M,Marshall,2,,,,,,,,,,,,,,,,,,,,,,,,,,,,,30
F,Marshall,5,,,,,,,,,,,,,,,,,,,,,,,,,,,,,30
F,Marshall,3,,,,,,,,,,,,,,,,,,,,,,,,,,,,,30
M,Marshall,3,,,,,,,,,,,,,,,,,,,,,,,,,,,,,30
M,Marshall,1,,,,,,,,,,,,,,,,,,,,,,,,,,,,,30
M,Marshall,6,,,,,,,,,,,,,,,,,,,,,,,,,,,,,30
M,Marshall,5,,,,,,,,,,,,,,,,,,,,,,,,,,,,,30
M,Marshall,3,,,,,,,,,,,,,,,,,,,,,,,,,,,,,30
M,Marshall,2,,,,,,,,,,,,,,,,,,,,,,,,,,,,,30
F,Marshall,2,,,,,,,,,,,,,,,,,,,,,,,,,,,,,30
M,Marshall,2,,,,,,,,,,,,,,,,,,,,,,,,,,,,,30
F,Marshall,2,,,,,,,,,,,,,,,,,,,,,,,,,,,,,30
M,Marshall,3,,,,,,,,,,,,,,,,,,,,,,,,,,,,,30
F,Marshall,3,,,,,,,,,,,,,,,,,,,,,,,,,,,,,30
M,Marshall,5,,,,,,,,,,,,,,,,,,,,,,,,,,,,,30
M,Marshall,2,,,,,,,,,,,,,,,,,,,,,,,,,,,,,30
M,Marshall,6,,,,,,,,,,,,,,,,,,,,,,,,,,,,,30
M,Marshall,6,,,,,,,,,,,,,,,,,,,,,,,,,,,,,30
M,Marshall,6,,,,,,,,,,,,,,,,,,,,,,,,,,,,,30
M,Marshall,3,,,,,,,,,,,,,,,,,,,,,,,,,,,,,30
M,Marshall,1,,,,,,,,,,,,,,,,,,,,,,,,,,,,,30
M,Marshall,6,,,,,,,,,,,,,,,,,,,,,,,,,,,,,30
M,Marshall,2,,,,,,,,,,,,,,,,,,,,,,,,,,,,,30
M,Marshall,2,,,,,,,,,,,,,,,,,,,,,,,,,,,,,30
F,Nyholm,8,,,,,,,,,,,,,,,,,,,,,,,,,,,,,30
M,Nyholm,4,,,,,,,,,,,,,,,,,,,,,,,,,,,,,30
F,Nyholm,4,,,,,,,,,,,,,,,,,,,,,,,,,,,,,30
M,Nyholm,8,,,,,,,,,,,,,,,,,,,,,,,,,,,,,30
F,Nyholm,4,,,,,,,,,,,,,,,,,,,,,,,,,,,,,30
M,Nyholm,4,,,,,,,,,,,,,,,,,,,,,,,,,,,,,30
M,Nyholm,7,,,,,,,,,,,,,,,,,,,,,,,,,,,,,30
F,Nyholm,2,,,,,,,,,,,,,,,,,,,,,,,,,,,,,30
M,Nyholm,5,,,,,,,,,,,,,,,,,,,,,,,,,,,,,30
F,Nyholm,8,,,,,,,,,,,,,,,,,,,,,,,,,,,,,30
M,Nyholm,5,,,,,,,,,,,,,,,,,,,,,,,,,,,,,30
M,Nyholm,7,,,,,,,,,,,,,,,,,,,,,,,,,,,,,30
M,Nyholm,4,,,,,,,,,,,,,,,,,,,,,,,,,,,,,30
M,Nyholm,7,,,,,,,,,,,,,,,,,,,,,,,,,,,,,30
M,Nyholm,7,,,,,,,,,,,,,,,,,,,,,,,,,,,,,30
M,Nyholm,2,,,,,,,,,,,,,,,,,,,,,,,,,,,,,30
F,Nyholm,5,,,,,,,,,,,,,,,,,,,,,,,,,,,,,30
M,Nyholm,8,,,,,,,,,,,,,,,,,,,,,,,,,,,,,30
F,Nyholm,8,,,,,,,,,,,,,,,,,,,,,,,,,,,,,30
M,Nyholm,5,,,,,,,,,,,,,,,,,,,,,,,,,,,,,30
F,Nyholm,4,,,,,,,,,,,,,,,,,,,,,,,,,,,,,30
M,Nyholm,4,,,,,,,,,,,,,,,,,,,,,,,,,,,,,30
F,Nyholm,8,,,,,,,,,,,,,,,,,,,,,,,,,,,,,30
M,Nyholm,7,,,,,,,,,,,,,,,,,,,,,,,,,,,,,30
M,Nyholm,5,,,,,,,,,,,,,,,,,,,,,,,,,,,,,30
F,Nyholm,2,,,,,,,,,,,,,,,,,,,,,,,,,,,,,30
F,Nyholm,5,,,,,,,,,,,,,,,,,,,,,,,,,,,,,30
M,Nyholm,5,,,,,,,,,,,,,,,,,,,,,,,,,,,,,30
M,Nyholm,7,,,,,,,,,,,,,,,,,,,,,,,,,,,,,30
M,Nyholm,2,,,,,,,,,,,,,,,,,,,,,,,,,,,,,30
M,Nyholm,5,,,,,,,,,,,,,,,,,,,,,,,,,,,,,30
M,Nyholm,4,,,,,,,,,,,,,,,,,,,,,,,,,,,,,30
F,Nyholm,7,,,,,,,,,,,,,,,,,,,,,,,,,,,,,30
M,Nyholm,5,,,,,,,,,,,,,,,,,,,,,,,,,,,,,30
M,Nyholm,2,,,,,,,,,,,,,,,,,,,,,,,,,,,,,30
M,Nyholm,7,,,,,,,,,,,,,,,,,,,,,,,,,,,,,30
M,Nyholm,5,,,,,,,,,,,,,,,,,,,,,,,,,,,,,30
M,Nyholm,7,,,,,,,,,,,,,,,,,,,,,,,,,,,,,30
M,Nyholm,5,,,,,,,,,,,,,,,,,,,,,,,,,,,,,30
M,Nyholm,2,,,,,,,,,,,,,,,,,,,,,,,,,,,,,30
M,Nyholm,5,,,,,,,,,,,,,,,,,,,,,,,,,,,,,30
F,Nyholm,5,,,,,,,,,,,,,,,,,,,,,,,,,,,,,30
F,Nyholm,4,,,,,,,,,,,,,,,,,,,,,,,,,,,,,30
F,Nyholm,8,,,,,,,,,,,,,,,,,,,,,,,,,,,,,30
F,Nyholm,4,,,,,,,,,,,,,,,,,,,,,,,,,,,,,30
F,Nyholm,5,,,,,,,,,,,,,,,,,,,,,,,,,,,,,30
M,Nyholm,4,,,,,,,,,,,,,,,,,,,,,,,,,,,,,30
M,Nyholm,7,,,,,,,,,,,,,,,,,,,,,,,,,,,,,30
M,Nyholm,5,,,,,,,,,,,,,,,,,,,,,,,,,,,,,30
F,Nyholm,5,,,,,,,,,,,,,,,,,,,,,,,,,,,,,30
F,Nyholm,8,,,,,,,,,,,,,,,,,,,,,,,,,,,,,30
M,Nyholm,5,,,,,,,,,,,,,,,,,,,,,,,,,,,,,30
M,Nyholm,7,,,,,,,,,,,,,,,,,,,,,,,,,,,,,30
M,Nyholm,8,,,,,,,,,,,,,,,,,,,,,,,,,,,,,30
F,Nyholm,8,,,,,,,,,,,,,,,,,,,,,,,,,,,,,30
F,Nyholm,4,,,,,,,,,,,,,,,,,,,,,,,,,,,,,30
M,Nyholm,8,,,,,,,,,,,,,,,,,,,,,,,,,,,,,30
M,Nyholm,4,,,,,,,,,,,,,,,,,,,,,,,,,,,,,30
M,Nyholm,4,,,,,,,,,,,,,,,,,,,,,,,,,,,,,30
F,Nyholm,5,,,,,,,,,,,,,,,,,,,,,,,,,,,,,30
M,Nyholm,5,,,,,,,,,,,,,,,,,,,,,,,,,,,,,30
M,Nyholm,7,,,,,,,,,,,,,,,,,,,,,,,,,,,,,30
M,Nyholm,2,,,,,,,,,,,,,,,,,,,,,,,,,,,,,30
F,Nyholm,5,,,,,,,,,,,,,,,,,,,,,,,,,,,,,30
M,Nyholm,4,,,,,,,,,,,,,,,,,,,,,,,,,,,,,30
M,Nyholm,8,,,,,,,,,,,,,,,,,,,,,,,,,,,,,30
M,Nyholm,2,,,,,,,,,,,,,,,,,,,,,,,,,,,,,30
M,Nyholm,5,,,,,,,,,,,,,,,,,,,,,,,,,,,,,30
F,Nyholm,5,,,,,,,,,,,,,,,,,,,,,,,,,,,,,30
M,Nyholm,5,,,,,,,,,,,,,,,,,,,,,,,,,,,,,30
M,Nyholm,5,,,,,,,,,,,,,,,,,,,,,,,,,,,,,30
M,Nyholm,5,,,,,,,,,,,,,,,,,,,,,,,,,,,,,30
F,Nyholm,5,,,,,,,,,,,,,,,,,,,,,,,,,,,,,30
M,Nyholm,5,,,,,,,,,,,,,,,,,,,,,,,,,,,,,30
M,Nyholm,8,,,,,,,,,,,,,,,,,,,,,,,,,,,,,30
M,Nyholm,2,,,,,,,,,,,,,,,,,,,,,,,,,,,,,30
M,Nyholm,5,,,,,,,,,,,,,,,,,,,,,,,,,,,,,30
F,Nyholm,5,,,,,,,,,,,,,,,,,,,,,,,,,,,,,30
F,Nyholm,5,,,,,,,,,,,,,,,,,,,,,,,,,,,,,30
M,Nyholm,5,,,,,,,,,,,,,,,,,,,,,,,,,,,,,30
F,Nyholm,7,,,,,,,,,,,,,,,,,,,,,,,,,,,,,30
M,Robissa,5,,,,,,,,,,,,,,,,,,,,,,,,,,,,,30
F,Robissa,8,,,,,,,,,,,,,,,,,,,,,,,,,,,,,30
F,Robissa,8,,,,,,,,,,,,,,,,,,,,,,,,,,,,,30
F,Robissa,8,,,,,,,,,,,,,,,,,,,,,,,,,,,,,30
M,Robissa,5,,,,,,,,,,,,,,,,,,,,,,,,,,,,,30
M,Robissa,1,,,,,,,,,,,,,,,,,,,,,,,,,,,,,30
F,Robissa,1,,,,,,,,,,,,,,,,,,,,,,,,,,,,,30
F,Robissa,4,,,,,,,,,,,,,,,,,,,,,,,,,,,,,30
M,Robissa,1,,,,,,,,,,,,,,,,,,,,,,,,,,,,,30
M,Robissa,1,,,,,,,,,,,,,,,,,,,,,,,,,,,,,30
M,Robissa,5,,,,,,,,,,,,,,,,,,,,,,,,,,,,,30
F,Robissa,5,,,,,,,,,,,,,,,,,,,,,,,,,,,,,30
M,Robissa,6,,,,,,,,,,,,,,,,,,,,,,,,,,,,,30
F,Robissa,1,,,,,,,,,,,,,,,,,,,,,,,,,,,,,30
M,Robissa,1,,,,,,,,,,,,,,,,,,,,,,,,,,,,,30
F,Robissa,5,,,,,,,,,,,,,,,,,,,,,,,,,,,,,30
M,Robissa,8,,,,,,,,,,,,,,,,,,,,,,,,,,,,,30
F,Robissa,4,,,,,,,,,,,,,,,,,,,,,,,,,,,,,30
F,Robissa,1,,,,,,,,,,,,,,,,,,,,,,,,,,,,,30
M,Robissa,6,,,,,,,,,,,,,,,,,,,,,,,,,,,,,30
M,Robissa,1,,,,,,,,,,,,,,,,,,,,,,,,,,,,,30
M,Robissa,8,,,,,,,,,,,,,,,,,,,,,,,,,,,,,30
M,Robissa,5,,,,,,,,,,,,,,,,,,,,,,,,,,,,,30
F,Robissa,6,,,,,,,,,,,,,,,,,,,,,,,,,,,,,30
F,Robissa,2,,,,,,,,,,,,,,,,,,,,,,,,,,,,,30
F,Robissa,8,,,,,,,,,,,,,,,,,,,,,,,,,,,,,30
F,Robissa,6,,,,,,,,,,,,,,,,,,,,,,,,,,,,,30
M,Robissa,5,,,,,,,,,,,,,,,,,,,,,,,,,,,,,30
F,Robissa,1,,,,,,,,,,,,,,,,,,,,,,,,,,,,,30
M,Robissa,2,,,,,,,,,,,,,,,,,,,,,,,,,,,,,30
F,Robissa,4,,,,,,,,,,,,,,,,,,,,,,,,,,,,,30
F,Robissa,8,,,,,,,,,,,,,,,,,,,,,,,,,,,,,30
F,Robissa,1,,,,,,,,,,,,,,,,,,,,,,,,,,,,,30
F,Robissa,2,,,,,,,,,,,,,,,,,,,,,,,,,,,,,30
M,Robissa,2,,,,,,,,,,,,,,,,,,,,,,,,,,,,,30
M,Robissa,1,,,,,,,,,,,,,,,,,,,,,,,,,,,,,30
F,Robissa,5,,,,,,,,,,,,,,,,,,,,,,,,,,,,,30
F,Robissa,5,,,,,,,,,,,,,,,,,,,,,,,,,,,,,30
M,Robissa,4,,,,,,,,,,,,,,,,,,,,,,,,,,,,,30
F,Robissa,4,,,,,,,,,,,,,,,,,,,,,,,,,,,,,30
M,Robissa,8,,,,,,,,,,,,,,,,,,,,,,,,,,,,,30
F,Robissa,5,,,,,,,,,,,,,,,,,,,,,,,,,,,,,30
M,Robissa,8,,,,,,,,,,,,,,,,,,,,,,,,,,,,,30
F,Robissa,2,,,,,,,,,,,,,,,,,,,,,,,,,,,,,30
F,Robissa,6,,,,,,,,,,,,,,,,,,,,,,,,,,,,,30
F,Robissa,8,,,,,,,,,,,,,,,,,,,,,,,,,,,,,30
F,Robissa,1,,,,,,,,,,,,,,,,,,,,,,,,,,,,,30
M,Robissa,2,,,,,,,,,,,,,,,,,,,,,,,,,,,,,30
M,Robissa,5,,,,,,,,,,,,,,,,,,,,,,,,,,,,,30
M,Robissa,2,,,,,,,,,,,,,,,,,,,,,,,,,,,,,30
F,Robissa,4,,,,,,,,,,,,,,,,,,,,,,,,,,,,,30
M,Robissa,1,,,,,,,,,,,,,,,,,,,,,,,,,,,,,30
F,Robissa,1,,,,,,,,,,,,,,,,,,,,,,,,,,,,,30
M,Robissa,1,,,,,,,,,,,,,,,,,,,,,,,,,,,,,30
F,Robissa,1,,,,,,,,,,,,,,,,,,,,,,,,,,,,,30
M,Robissa,1,,,,,,,,,,,,,,,,,,,,,,,,,,,,,30
F,Robissa,2,,,,,,,,,,,,,,,,,,,,,,,,,,,,,30
F,Robissa,1,,,,,,,,,,,,,,,,,,,,,,,,,,,,,30
F,Robissa,5,,,,,,,,,,,,,,,,,,,,,,,,,,,,,30
F,Robissa,8,,,,,,,,,,,,,,,,,,,,,,,,,,,,,30
F,Robissa,1,,,,,,,,,,,,,,,,,,,,,,,,,,,,,30
F,Robissa,6,,,,,,,,,,,,,,,,,,,,,,,,,,,,,30
M,Robissa,6,,,,,,,,,,,,,,,,,,,,,,,,,,,,,30
M,Robissa,5,,,,,,,,,,,,,,,,,,,,,,,,,,,,,30
M,Robissa,5,,,,,,,,,,,,,,,,,,,,,,,,,,,,,30
M,Robissa,5,,,,,,,,,,,,,,,,,,,,,,,,,,,,,30
M,Robissa,5,,,,,,,,,,,,,,,,,,,,,,,,,,,,,30
F,Robissa,8,,,,,,,,,,,,,,,,,,,,,,,,,,,,,30
M,Robissa,2,,,,,,,,,,,,,,,,,,,,,,,,,,,,,30
M,Robissa,1,,,,,,,,,,,,,,,,,,,,,,,,,,,,,30
M,Robissa,5,,,,,,,,,,,,,,,,,,,,,,,,,,,,,30
M,Robissa,5,,,,,,,,,,,,,,,,,,,,,,,,,,,,,30
M,Robissa,1,,,,,,,,,,,,,,,,,,,,,,,,,,,,,30
F,Robissa,5,,,,,,,,,,,,,,,,,,,,,,,,,,,,,30
M,Robissa,2,,,,,,,,,,,,,,,,,,,,,,,,,,,,,30
M,Robissa,8,,,,,,,,,,,,,,,,,,,,,,,,,,,,,30
M,Robissa,1,,,,,,,,,,,,,,,,,,,,,,,,,,,,,30
F,Robissa,4,,,,,,,,,,,,,,,,,,,,,,,,,,,,,30
F,Robissa,5,,,,,,,,,,,,,,,,,,,,,,,,,,,,,30
F,Robissa,5,,,,,,,,,,,,,,,,,,,,,,,,,,,,,30
M,Robissa,8,,,,,,,,,,,,,,,,,,,,,,,,,,,,,30
F,Robissa,2,,,,,,,,,,,,,,,,,,,,,,,,,,,,,30
M,Robissa,1,,,,,,,,,,,,,,,,,,,,,,,,,,,,,30
M,Robissa,6,,,,,,,,,,,,,,,,,,,,,,,,,,,,,30
M,Robissa,1,,,,,,,,,,,,,,,,,,,,,,,,,,,,,30
F,Robissa,1,,,,,,,,,,,,,,,,,,,,,,,,,,,,,30
F,Robissa,8,,,,,,,,,,,,,,,,,,,,,,,,,,,,,30
F,Robissa,6,,,,,,,,,,,,,,,,,,,,,,,,,,,,,30
F,Robissa,6,,,,,,,,,,,,,,,,,,,,,,,,,,,,,30
F,Robissa,8,,,,,,,,,,,,,,,,,,,,,,,,,,,,,30
M,Robissa,5,,,,,,,,,,,,,,,,,,,,,,,,,,,,,30
F,Robissa,6,,,,,,,,,,,,,,,,,,,,,,,,,,,,,30
F,Robissa,5,,,,,,,,,,,,,,,,,,,,,,,,,,,,,30
M,Robissa,6,,,,,,,,,,,,,,,,,,,,,,,,,,,,,30
F,Robissa,1,,,,,,,,,,,,,,,,,,,,,,,,,,,,,30
M,Smith,6,,,,,,,,,,,,,,,,,,,,,,,,,,,,,30
F,Smith,5,,,,,,,,,,,,,,,,,,,,,,,,,,,,,30
M,Smith,6,,,,,,,,,,,,,,,,,,,,,,,,,,,,,30
F,Smith,6,,,,,,,,,,,,,,,,,,,,,,,,,,,,,30
F,Smith,5,,,,,,,,,,,,,,,,,,,,,,,,,,,,,30
F,Smith,6,,,,,,,,,,,,,,,,,,,,,,,,,,,,,30
M,Smith,6,,,,,,,,,,,,,,,,,,,,,,,,,,,,,30
M,Smith,5,,,,,,,,,,,,,,,,,,,,,,,,,,,,,30
F,Smith,6,,,,,,,,,,,,,,,,,,,,,,,,,,,,,30
F,Smith,3,,,,,,,,,,,,,,,,,,,,,,,,,,,,,30
M,Smith,5,,,,,,,,,,,,,,,,,,,,,,,,,,,,,30
M,Smith,6,,,,,,,,,,,,,,,,,,,,,,,,,,,,,30
F,Smith,3,,,,,,,,,,,,,,,,,,,,,,,,,,,,,30
M,Smith,6,,,,,,,,,,,,,,,,,,,,,,,,,,,,,30
M,Smith,5,,,,,,,,,,,,,,,,,,,,,,,,,,,,,30
M,Smith,6,,,,,,,,,,,,,,,,,,,,,,,,,,,,,30
F,Smith,6,,,,,,,,,,,,,,,,,,,,,,,,,,,,,30
F,Smith,5,,,,,,,,,,,,,,,,,,,,,,,,,,,,,30
F,Smith,5,,,,,,,,,,,,,,,,,,,,,,,,,,,,,30
M,Smith,6,,,,,,,,,,,,,,,,,,,,,,,,,,,,,30
F,Smith,6,,,,,,,,,,,,,,,,,,,,,,,,,,,,,30
M,Smith,5,,,,,,,,,,,,,,,,,,,,,,,,,,,,,30
M,Smith,5,,,,,,,,,,,,,,,,,,,,,,,,,,,,,30
M,Smith,8,,,,,,,,,,,,,,,,,,,,,,,,,,,,,30
F,Smith,3,,,,,,,,,,,,,,,,,,,,,,,,,,,,,30
F,Smith,3,,,,,,,,,,,,,,,,,,,,,,,,,,,,,30
F,Smith,6,,,,,,,,,,,,,,,,,,,,,,,,,,,,,30
F,Smith,3,,,,,,,,,,,,,,,,,,,,,,,,,,,,,30
F,Smith,5,,,,,,,,,,,,,,,,,,,,,,,,,,,,,30
M,Smith,5,,,,,,,,,,,,,,,,,,,,,,,,,,,,,30
F,Smith,5,,,,,,,,,,,,,,,,,,,,,,,,,,,,,30
M,Smith,3,,,,,,,,,,,,,,,,,,,,,,,,,,,,,30
F,Smith,3,,,,,,,,,,,,,,,,,,,,,,,,,,,,,30
F,Smith,5,,,,,,,,,,,,,,,,,,,,,,,,,,,,,30
F,Smith,6,,,,,,,,,,,,,,,,,,,,,,,,,,,,,30
F,Smith,3,,,,,,,,,,,,,,,,,,,,,,,,,,,,,30
F,Smith,5,,,,,,,,,,,,,,,,,,,,,,,,,,,,,30
F,Smith,6,,,,,,,,,,,,,,,,,,,,,,,,,,,,,30
F,Smith,5,,,,,,,,,,,,,,,,,,,,,,,,,,,,,30
F,Smith,6,,,,,,,,,,,,,,,,,,,,,,,,,,,,,30
F,Smith,3,,,,,,,,,,,,,,,,,,,,,,,,,,,,,30
M,Smith,5,,,,,,,,,,,,,,,,,,,,,,,,,,,,,30
F,Smith,5,,,,,,,,,,,,,,,,,,,,,,,,,,,,,30
M,Smith,5,,,,,,,,,,,,,,,,,,,,,,,,,,,,,30
M,Smith,5,,,,,,,,,,,,,,,,,,,,,,,,,,,,,30
M,Smith,3,,,,,,,,,,,,,,,,,,,,,,,,,,,,,30
M,Smith,6,,,,,,,,,,,,,,,,,,,,,,,,,,,,,30
F,Smith,5,,,,,,,,,,,,,,,,,,,,,,,,,,,,,30
M,Smith,5,,,,,,,,,,,,,,,,,,,,,,,,,,,,,30
F,Smith,6,,,,,,,,,,,,,,,,,,,,,,,,,,,,,30
F,Smith,6,,,,,,,,,,,,,,,,,,,,,,,,,,,,,30
F,Smith,6,,,,,,,,,,,,,,,,,,,,,,,,,,,,,30
F,Smith,6,,,,,,,,,,,,,,,,,,,,,,,,,,,,,30
F,Smith,5,,,,,,,,,,,,,,,,,,,,,,,,,,,,,30
M,Stapp,1,,,,,,,,,,,,,,,,,,,,,,,,,,,,,30
F,Stapp,6,,,,,,,,,,,,,,,,,,,,,,,,,,,,,30
F,Stapp,5,,,,,,,,,,,,,,,,,,,,,,,,,,,,,30
F,Stapp,6,,,,,,,,,,,,,,,,,,,,,,,,,,,,,30
F,Stapp,5,,,,,,,,,,,,,,,,,,,,,,,,,,,,,30
M,Stapp,1,,,,,,,,,,,,,,,,,,,,,,,,,,,,,30
M,Stapp,8,,,,,,,,,,,,,,,,,,,,,,,,,,,,,30
M,Stapp,8,,,,,,,,,,,,,,,,,,,,,,,,,,,,,30
M,Stapp,1,,,,,,,,,,,,,,,,,,,,,,,,,,,,,30
F,Stapp,8,,,,,,,,,,,,,,,,,,,,,,,,,,,,,30
M,Stapp,6,,,,,,,,,,,,,,,,,,,,,,,,,,,,,30
M,Stapp,6,,,,,,,,,,,,,,,,,,,,,,,,,,,,,30
M,Stapp,6,,,,,,,,,,,,,,,,,,,,,,,,,,,,,30
M,Stapp,6,,,,,,,,,,,,,,,,,,,,,,,,,,,,,30
M,Stapp,6,,,,,,,,,,,,,,,,,,,,,,,,,,,,,30
F,Stapp,8,,,,,,,,,,,,,,,,,,,,,,,,,,,,,30
M,Stapp,5,,,,,,,,,,,,,,,,,,,,,,,,,,,,,30
F,Stapp,1,,,,,,,,,,,,,,,,,,,,,,,,,,,,,30
M,Stapp,1,,,,,,,,,,,,,,,,,,,,,,,,,,,,,30
M,Stapp,6,,,,,,,,,,,,,,,,,,,,,,,,,,,,,30
M,Stapp,8,,,,,,,,,,,,,,,,,,,,,,,,,,,,,30
M,Stapp,1,,,,,,,,,,,,,,,,,,,,,,,,,,,,,30
F,Stapp,1,,,,,,,,,,,,,,,,,,,,,,,,,,,,,30
M,Stapp,6,,,,,,,,,,,,,,,,,,,,,,,,,,,,,30
M,Stapp,8,,,,,,,,,,,,,,,,,,,,,,,,,,,,,30
M,Stapp,6,,,,,,,,,,,,,,,,,,,,,,,,,,,,,30
M,Stapp,5,,,,,,,,,,,,,,,,,,,,,,,,,,,,,30
M,Stapp,1,,,,,,,,,,,,,,,,,,,,,,,,,,,,,30
F,Stapp,1,,,,,,,,,,,,,,,,,,,,,,,,,,,,,30
F,Stapp,8,,,,,,,,,,,,,,,,,,,,,,,,,,,,,30
F,Stapp,6,,,,,,,,,,,,,,,,,,,,,,,,,,,,,30
F,Stapp,6,,,,,,,,,,,,,,,,,,,,,,,,,,,,,30
M,Stapp,5,,,,,,,,,,,,,,,,,,,,,,,,,,,,,30
M,Stapp,5,,,,,,,,,,,,,,,,,,,,,,,,,,,,,30
M,Stapp,1,,,,,,,,,,,,,,,,,,,,,,,,,,,,,30
M,Stapp,6,,,,,,,,,,,,,,,,,,,,,,,,,,,,,30
F,Stapp,5,,,,,,,,,,,,,,,,,,,,,,,,,,,,,30
M,Stapp,6,,,,,,,,,,,,,,,,,,,,,,,,,,,,,30
M,Stapp,1,,,,,,,,,,,,,,,,,,,,,,,,,,,,,30
M,Stapp,5,,,,,,,,,,,,,,,,,,,,,,,,,,,,,30
M,Stapp,6,,,,,,,,,,,,,,,,,,,,,,,,,,,,,30
M,Stapp,1,,,,,,,,,,,,,,,,,,,,,,,,,,,,,30
M,Stapp,8,,,,,,,,,,,,,,,,,,,,,,,,,,,,,30
,,,,,,,,,,,,,,,,,,,,,,,,,,,,,,,373
,,,,,,,,,,,,,,,,,,,,,,,,,,,,,,,
,,,,,,,,,,,,,,,,,,,,,,,,,,,,,,,
,Brennan,,,,,,,,,,,,,,,,,,,,,,,,,,,,,,
,Frederiksen,,,,,,,,,,,,,,,,,,,,,,,,,,,,,,
,Howell,,,,,,,,,,,,,,,,,,,,,,,,,,,,,,
,Lehmann,,,,,,,,,,,,,,,,,,,,,,,,,,,,,,
,Lew,,,,,,,,,,,,,,,,,,,,,,,,,,,,,,
,Marshall,,,,,,,,,,,,,,,,,,,,,,,,,,,,,,
,Nyholm,,,,,,,,,,,,,,,,,,,,,,,,,,,,,,
,Robissa,,,,,,,,,,,,,,,,,,,,,,,,,,,,,,
,Smith,,,,,,,,,,,,,,,,,,,,,,,,,,,,,,
,Stapp,,,,,,,,,,,,,,,,,,,,,,,,,,,,,,